Timestamp,Socket Connection Test,HTTP Connection Test,Network Type,Mobile Data Network Type,SIM State,Service State,Detailed State,Is Connected,Is Roaming,Is Available,Is Failover,Data Activity,Data State,Reason,Extra Info,WiFi SSID,WiFi BSSID,WiFi Frequency,WiFi Channel,WiFi Signal Strength (0–4),WiFi Signal Strength (RSSI),SIM Operator,SIM MCC,SIM MNC,Network Operator,Network MCC,Network MNC,Is Network Metered,Device Latitude,Device Longitude,Device Position Accuracy (m),Device Speed (m/s),Cell Signal Strength (0–4),Cell Signal Strength (dBm),ASU Level,CDMA Cell Base Station Id,CDMA Cell Latitude,CDMA Cell Longitude,CDMA Cell Network Id,CDMA Cell System Id,GSM Full Cell Id,GSM RNC,GSM Short Cell Id,GSM Cell LAC,GSM Cell PSC,LTE Cell Id,LTE Cell RF Channel,LTE Physical Cell Id,LTE Cell Tracking Area Code,Network Interface,IPv4 Address,IPv6 Address,Battery Level,Download Speed (Mbps),Upload Speed (Mbps)
2019-07-07 10:44:47,,,MOBILE/LTE,LTE,READY,IN_SERVICE,CONNECTED,1,0,1,0,NONE,CONNECTED,connected,epc.tmobile.com,,,,,,,Android,310,260,Android,310,260,1,,,,,4,-100,40,,,,,,91,,91,3,,,,,,eth0,10.0.2.15,fec0::5054:ff:fe12:3456;fe80::5054:ff:fe12:3456%eth0,100,Disabled,Disabled
2019-07-07 10:44:37,,,MOBILE/LTE,LTE,READY,IN_SERVICE,CONNECTED,1,0,1,0,INOUT,CONNECTED,connected,epc.tmobile.com,,,,,,,Android,310,260,Android,310,260,1,,,,,4,-100,40,,,,,,91,,91,3,,,,,,eth0,10.0.2.15,fec0::5054:ff:fe12:3456;fe80::5054:ff:fe12:3456%eth0,100,Disabled,Disabled
2019-07-07 10:44:27,,,MOBILE/LTE,LTE,READY,IN_SERVICE,CONNECTED,1,0,1,0,NONE,CONNECTED,connected,epc.tmobile.com,,,,,,,Android,310,260,Android,310,260,1,,,,,4,-100,40,,,,,,91,,91,3,,,,,,eth0,10.0.2.15,fec0::5054:ff:fe12:3456;fe80::5054:ff:fe12:3456%eth0,100,Disabled,Disabled
2019-07-07 10:44:17,,,MOBILE/LTE,LTE,READY,IN_SERVICE,CONNECTED,1,0,1,0,NONE,CONNECTED,connected,epc.tmobile.com,,,,,,,Android,310,260,Android,310,260,1,,,,,4,-100,40,,,,,,91,,91,3,,,,,,eth0,10.0.2.15,fec0::5054:ff:fe12:3456;fe80::5054:ff:fe12:3456%eth0,100,Disabled,Disabled
2019-07-07 10:44:07,,,MOBILE/LTE,LTE,READY,IN_SERVICE,CONNECTED,1,0,1,0,NONE,CONNECTED,connected,epc.tmobile.com,,,,,,,Android,310,260,Android,310,260,1,,,,,4,-100,40,,,,,,91,,91,3,,,,,,eth0,10.0.2.15,fec0::5054:ff:fe12:3456;fe80::5054:ff:fe12:3456%eth0,100,Disabled,Disabled
2019-07-07 10:43:57,,,MOBILE/LTE,LTE,READY,IN_SERVICE,CONNECTED,1,0,1,0,NONE,CONNECTED,connected,epc.tmobile.com,,,,,,,Android,310,260,Android,310,260,1,,,,,4,-100,40,,,,,,91,,91,3,,,,,,eth0,10.0.2.15,fec0::5054:ff:fe12:3456;fe80::5054:ff:fe12:3456%eth0,100,Disabled,Disabled
2019-07-07 10:43:47,,,MOBILE/LTE,LTE,READY,IN_SERVICE,CONNECTED,1,0,1,0,NONE,CONNECTED,connected,epc.tmobile.com,,,,,,,Android,310,260,Android,310,260,1,,,,,4,-100,40,,,,,,91,,91,3,,,,,,eth0,10.0.2.15,fec0::5054:ff:fe12:3456;fe80::5054:ff:fe12:3456%eth0,100,Disabled,Disabled
2019-07-07 10:43:37,,,MOBILE/LTE,LTE,READY,IN_SERVICE,CONNECTED,1,0,1,0,INOUT,CONNECTED,connected,epc.tmobile.com,,,,,,,Android,310,260,Android,310,260,1,,,,,4,-100,40,,,,,,91,,91,3,,,,,,eth0,10.0.2.15,fec0::5054:ff:fe12:3456;fe80::5054:ff:fe12:3456%eth0,100,Disabled,Disabled
2019-07-07 10:43:27,,,MOBILE/LTE,LTE,READY,IN_SERVICE,CONNECTED,1,0,1,0,INOUT,CONNECTED,connected,epc.tmobile.com,,,,,,,Android,310,260,Android,310,260,1,,,,,4,-100,40,,,,,,91,,91,3,,,,,,eth0,10.0.2.15,fec0::5054:ff:fe12:3456;fe80::5054:ff:fe12:3456%eth0,100,Disabled,Disabled
2019-07-07 10:43:17,,,MOBILE/LTE,LTE,READY,IN_SERVICE,CONNECTED,1,0,1,0,NONE,CONNECTED,connected,epc.tmobile.com,,,,,,,Android,310,260,Android,310,260,1,,,,,4,-100,40,,,,,,91,,91,3,,,,,,eth0,10.0.2.15,fec0::5054:ff:fe12:3456;fe80::5054:ff:fe12:3456%eth0,100,Disabled,Disabled
2019-07-07 10:43:07,,,MOBILE/LTE,LTE,READY,IN_SERVICE,CONNECTED,1,0,1,0,NONE,CONNECTED,connected,epc.tmobile.com,,,,,,,Android,310,260,Android,310,260,1,,,,,4,-100,40,,,,,,91,,91,3,,,,,,eth0,10.0.2.15,fec0::5054:ff:fe12:3456;fe80::5054:ff:fe12:3456%eth0,100,Disabled,Disabled
2019-07-07 10:42:57,,,MOBILE/LTE,LTE,READY,IN_SERVICE,CONNECTED,1,0,1,0,NONE,CONNECTED,connected,epc.tmobile.com,,,,,,,Android,310,260,Android,310,260,1,,,,,4,-100,40,,,,,,91,,91,3,,,,,,eth0,10.0.2.15,fec0::5054:ff:fe12:3456;fe80::5054:ff:fe12:3456%eth0,100,Disabled,Disabled
2019-07-07 10:42:47,,,MOBILE/LTE,LTE,READY,IN_SERVICE,CONNECTED,1,0,1,0,NONE,CONNECTED,connected,epc.tmobile.com,,,,,,,Android,310,260,Android,310,260,1,,,,,4,-100,40,,,,,,91,,91,3,,,,,,eth0,10.0.2.15,fec0::5054:ff:fe12:3456;fe80::5054:ff:fe12:3456%eth0,100,Disabled,Disabled
2019-07-07 10:42:37,,,MOBILE/LTE,LTE,READY,IN_SERVICE,CONNECTED,1,0,1,0,INOUT,CONNECTED,connected,epc.tmobile.com,,,,,,,Android,310,260,Android,310,260,1,,,,,4,-100,40,,,,,,91,,91,3,,,,,,eth0,10.0.2.15,fec0::5054:ff:fe12:3456;fe80::5054:ff:fe12:3456%eth0,100,Disabled,Disabled
2019-07-07 10:42:27,,,MOBILE/LTE,LTE,READY,IN_SERVICE,CONNECTED,1,0,1,0,INOUT,CONNECTED,connected,epc.tmobile.com,,,,,,,Android,310,260,Android,310,260,1,,,,,4,-100,40,,,,,,91,,91,3,,,,,,eth0,10.0.2.15,fec0::5054:ff:fe12:3456;fe80::5054:ff:fe12:3456%eth0,100,Disabled,Disabled
2019-07-07 10:42:17,,,MOBILE/LTE,LTE,READY,IN_SERVICE,CONNECTED,1,0,1,0,NONE,CONNECTED,connected,epc.tmobile.com,,,,,,,Android,310,260,Android,310,260,1,,,,,4,-100,40,,,,,,91,,91,3,,,,,,eth0,10.0.2.15,fec0::5054:ff:fe12:3456;fe80::5054:ff:fe12:3456%eth0,100,Disabled,Disabled
2019-07-07 10:42:07,,,MOBILE/LTE,LTE,READY,IN_SERVICE,CONNECTED,1,0,1,0,NONE,CONNECTED,connected,epc.tmobile.com,,,,,,,Android,310,260,Android,310,260,1,,,,,4,-100,40,,,,,,91,,91,3,,,,,,eth0,10.0.2.15,fec0::5054:ff:fe12:3456;fe80::5054:ff:fe12:3456%eth0,100,Disabled,Disabled
2019-07-07 10:41:57,,,MOBILE/LTE,LTE,READY,IN_SERVICE,CONNECTED,1,0,1,0,NONE,CONNECTED,connected,epc.tmobile.com,,,,,,,Android,310,260,Android,310,260,1,,,,,4,-100,40,,,,,,91,,91,3,,,,,,eth0,10.0.2.15,fec0::5054:ff:fe12:3456;fe80::5054:ff:fe12:3456%eth0,100,Disabled,Disabled
2019-07-07 10:41:47,,,MOBILE/LTE,LTE,READY,IN_SERVICE,CONNECTED,1,0,1,0,INOUT,CONNECTED,connected,epc.tmobile.com,,,,,,,Android,310,260,Android,310,260,1,,,,,4,-100,40,,,,,,91,,91,3,,,,,,eth0,10.0.2.15,fec0::5054:ff:fe12:3456;fe80::5054:ff:fe12:3456%eth0,100,Disabled,Disabled
2019-07-07 10:41:37,,,MOBILE/LTE,LTE,READY,IN_SERVICE,CONNECTED,1,0,1,0,NONE,CONNECTED,connected,epc.tmobile.com,,,,,,,Android,310,260,Android,310,260,1,,,,,4,-100,40,,,,,,91,,91,3,,,,,,eth0,10.0.2.15,fec0::5054:ff:fe12:3456;fe80::5054:ff:fe12:3456%eth0,100,Disabled,Disabled
2019-07-07 10:41:27,,,MOBILE/LTE,LTE,READY,IN_SERVICE,CONNECTED,1,0,1,0,INOUT,CONNECTED,connected,epc.tmobile.com,,,,,,,Android,310,260,Android,310,260,1,,,,,4,-100,40,,,,,,91,,91,3,,,,,,eth0,10.0.2.15,fec0::5054:ff:fe12:3456;fe80::5054:ff:fe12:3456%eth0,100,Disabled,Disabled
2019-07-07 10:41:17,,,MOBILE/LTE,LTE,READY,IN_SERVICE,CONNECTED,1,0,1,0,NONE,CONNECTED,connected,epc.tmobile.com,,,,,,,Android,310,260,Android,310,260,1,,,,,4,-100,40,,,,,,91,,91,3,,,,,,eth0,10.0.2.15,fec0::5054:ff:fe12:3456;fe80::5054:ff:fe12:3456%eth0,100,Disabled,Disabled
2019-07-07 10:41:07,,,MOBILE/LTE,LTE,READY,IN_SERVICE,CONNECTED,1,0,1,0,NONE,CONNECTED,connected,epc.tmobile.com,,,,,,,Android,310,260,Android,310,260,1,,,,,4,-100,40,,,,,,91,,91,3,,,,,,eth0,10.0.2.15,fec0::5054:ff:fe12:3456;fe80::5054:ff:fe12:3456%eth0,100,Disabled,Disabled
2019-07-07 10:40:57,,,MOBILE/LTE,LTE,READY,IN_SERVICE,CONNECTED,1,0,1,0,INOUT,CONNECTED,connected,epc.tmobile.com,,,,,,,Android,310,260,Android,310,260,1,,,,,4,-100,40,,,,,,91,,91,3,,,,,,eth0,10.0.2.15,fec0::5054:ff:fe12:3456;fe80::5054:ff:fe12:3456%eth0,100,Disabled,Disabled
2019-07-07 10:40:47,,,MOBILE/LTE,LTE,READY,IN_SERVICE,CONNECTED,1,0,1,0,NONE,CONNECTED,connected,epc.tmobile.com,,,,,,,Android,310,260,Android,310,260,1,,,,,4,-100,40,,,,,,91,,91,3,,,,,,eth0,10.0.2.15,fec0::5054:ff:fe12:3456;fe80::5054:ff:fe12:3456%eth0,100,Disabled,Disabled
2019-07-07 10:40:37,,,MOBILE/LTE,LTE,READY,IN_SERVICE,CONNECTED,1,0,1,0,NONE,CONNECTED,connected,epc.tmobile.com,,,,,,,Android,310,260,Android,310,260,1,,,,,4,-100,40,,,,,,91,,91,3,,,,,,eth0,10.0.2.15,fec0::5054:ff:fe12:3456;fe80::5054:ff:fe12:3456%eth0,100,Disabled,Disabled
2019-07-07 10:40:27,,,MOBILE/LTE,LTE,READY,IN_SERVICE,CONNECTED,1,0,1,0,NONE,CONNECTED,connected,epc.tmobile.com,,,,,,,Android,310,260,Android,310,260,1,,,,,4,-100,40,,,,,,91,,91,3,,,,,,eth0,10.0.2.15,fec0::5054:ff:fe12:3456;fe80::5054:ff:fe12:3456%eth0,100,Disabled,Disabled
2019-07-07 10:40:17,,,MOBILE/LTE,LTE,READY,IN_SERVICE,CONNECTED,1,0,1,0,NONE,CONNECTED,connected,epc.tmobile.com,,,,,,,Android,310,260,Android,310,260,1,,,,,4,-100,40,,,,,,91,,91,3,,,,,,eth0,10.0.2.15,fec0::5054:ff:fe12:3456;fe80::5054:ff:fe12:3456%eth0,100,Disabled,Disabled
2019-07-07 10:40:07,,,MOBILE/LTE,LTE,READY,IN_SERVICE,CONNECTED,1,0,1,0,NONE,CONNECTED,connected,epc.tmobile.com,,,,,,,Android,310,260,Android,310,260,1,,,,,4,-100,40,,,,,,91,,91,3,,,,,,eth0,10.0.2.15,fec0::5054:ff:fe12:3456;fe80::5054:ff:fe12:3456%eth0,100,Disabled,Disabled
2019-07-07 10:39:57,,,MOBILE/LTE,LTE,READY,IN_SERVICE,CONNECTED,1,0,1,0,INOUT,CONNECTED,connected,epc.tmobile.com,,,,,,,Android,310,260,Android,310,260,1,,,,,4,-100,40,,,,,,91,,91,3,,,,,,eth0,10.0.2.15,fec0::5054:ff:fe12:3456;fe80::5054:ff:fe12:3456%eth0,100,Disabled,Disabled
2019-07-07 10:39:47,,,MOBILE/LTE,LTE,READY,IN_SERVICE,CONNECTED,1,0,1,0,NONE,CONNECTED,connected,epc.tmobile.com,,,,,,,Android,310,260,Android,310,260,1,,,,,4,-100,40,,,,,,91,,91,3,,,,,,eth0,10.0.2.15,fec0::5054:ff:fe12:3456;fe80::5054:ff:fe12:3456%eth0,100,Disabled,Disabled
2019-07-07 10:39:37,,,MOBILE/LTE,LTE,READY,IN_SERVICE,CONNECTED,1,0,1,0,INOUT,CONNECTED,connected,epc.tmobile.com,,,,,,,Android,310,260,Android,310,260,1,,,,,4,-100,40,,,,,,91,,91,3,,,,,,eth0,10.0.2.15,fec0::5054:ff:fe12:3456;fe80::5054:ff:fe12:3456%eth0,100,Disabled,Disabled
2019-07-07 10:39:27,,,MOBILE/LTE,LTE,READY,IN_SERVICE,CONNECTED,1,0,1,0,INOUT,CONNECTED,connected,epc.tmobile.com,,,,,,,Android,310,260,Android,310,260,1,,,,,4,-100,40,,,,,,91,,91,3,,,,,,eth0,10.0.2.15,fec0::5054:ff:fe12:3456;fe80::5054:ff:fe12:3456%eth0,100,Disabled,Disabled
2019-07-07 10:39:17,,,MOBILE/LTE,LTE,READY,IN_SERVICE,CONNECTED,1,0,1,0,NONE,CONNECTED,connected,epc.tmobile.com,,,,,,,Android,310,260,Android,310,260,1,,,,,4,-100,40,,,,,,91,,91,3,,,,,,eth0,10.0.2.15,fec0::5054:ff:fe12:3456;fe80::5054:ff:fe12:3456%eth0,100,Disabled,Disabled
2019-07-07 10:39:07,,,MOBILE/LTE,LTE,READY,IN_SERVICE,CONNECTED,1,0,1,0,NONE,CONNECTED,connected,epc.tmobile.com,,,,,,,Android,310,260,Android,310,260,1,,,,,4,-100,40,,,,,,91,,91,3,,,,,,eth0,10.0.2.15,fec0::5054:ff:fe12:3456;fe80::5054:ff:fe12:3456%eth0,100,Disabled,Disabled
2019-07-07 10:38:57,,,MOBILE/LTE,LTE,READY,IN_SERVICE,CONNECTED,1,0,1,0,INOUT,CONNECTED,connected,epc.tmobile.com,,,,,,,Android,310,260,Android,310,260,1,,,,,4,-100,40,,,,,,91,,91,3,,,,,,eth0,10.0.2.15,fec0::5054:ff:fe12:3456;fe80::5054:ff:fe12:3456%eth0,100,Disabled,Disabled
2019-07-07 10:38:47,,,MOBILE/LTE,LTE,READY,IN_SERVICE,CONNECTED,1,0,1,0,INOUT,CONNECTED,connected,epc.tmobile.com,,,,,,,Android,310,260,Android,310,260,1,,,,,4,-100,40,,,,,,91,,91,3,,,,,,eth0,10.0.2.15,fec0::5054:ff:fe12:3456;fe80::5054:ff:fe12:3456%eth0,100,Disabled,Disabled
2019-07-07 10:38:37,,,MOBILE/LTE,LTE,READY,IN_SERVICE,CONNECTED,1,0,1,0,INOUT,CONNECTED,connected,epc.tmobile.com,,,,,,,Android,310,260,Android,310,260,1,,,,,4,-100,40,,,,,,91,,91,3,,,,,,eth0,10.0.2.15,fec0::5054:ff:fe12:3456;fe80::5054:ff:fe12:3456%eth0,100,Disabled,Disabled
2019-07-07 10:38:27,,,MOBILE/LTE,LTE,READY,IN_SERVICE,CONNECTED,1,0,1,0,INOUT,CONNECTED,connected,epc.tmobile.com,,,,,,,Android,310,260,Android,310,260,1,,,,,4,-100,40,,,,,,91,,91,3,,,,,,eth0,10.0.2.15,fec0::5054:ff:fe12:3456;fe80::5054:ff:fe12:3456%eth0,100,Disabled,Disabled
2019-07-07 10:38:17,,,MOBILE/LTE,LTE,READY,IN_SERVICE,CONNECTED,1,0,1,0,INOUT,CONNECTED,connected,epc.tmobile.com,,,,,,,Android,310,260,Android,310,260,1,,,,,4,-100,40,,,,,,91,,91,3,,,,,,eth0,10.0.2.15,fec0::5054:ff:fe12:3456;fe80::5054:ff:fe12:3456%eth0,100,Disabled,Disabled
2019-07-07 10:38:07,,,MOBILE/LTE,LTE,READY,IN_SERVICE,CONNECTED,1,0,1,0,INOUT,CONNECTED,connected,epc.tmobile.com,,,,,,,Android,310,260,Android,310,260,1,,,,,4,-100,40,,,,,,91,,91,3,,,,,,eth0,10.0.2.15,fec0::5054:ff:fe12:3456;fe80::5054:ff:fe12:3456%eth0,100,Disabled,Disabled
2019-07-07 10:37:57,,,MOBILE/LTE,LTE,READY,IN_SERVICE,CONNECTED,1,0,1,0,INOUT,CONNECTED,connected,epc.tmobile.com,,,,,,,Android,310,260,Android,310,260,1,,,,,4,-100,40,,,,,,91,,91,3,,,,,,eth0,10.0.2.15,fec0::5054:ff:fe12:3456;fe80::5054:ff:fe12:3456%eth0,100,Disabled,Disabled
2019-07-07 10:37:47,,,MOBILE/LTE,LTE,READY,IN_SERVICE,CONNECTED,1,0,1,0,INOUT,CONNECTED,connected,epc.tmobile.com,,,,,,,Android,310,260,Android,310,260,1,,,,,4,-100,40,,,,,,91,,91,3,,,,,,eth0,10.0.2.15,fec0::5054:ff:fe12:3456;fe80::5054:ff:fe12:3456%eth0,100,Disabled,Disabled
2019-07-07 10:37:37,,,MOBILE/LTE,LTE,READY,IN_SERVICE,CONNECTED,1,0,1,0,NONE,CONNECTED,connected,epc.tmobile.com,,,,,,,Android,310,260,Android,310,260,1,,,,,4,-100,40,,,,,,91,,91,3,,,,,,eth0,10.0.2.15,fec0::5054:ff:fe12:3456;fe80::5054:ff:fe12:3456%eth0,100,Disabled,Disabled
2019-07-07 10:37:27,,,MOBILE/LTE,LTE,READY,IN_SERVICE,CONNECTED,1,0,1,0,NONE,CONNECTED,connected,epc.tmobile.com,,,,,,,Android,310,260,Android,310,260,1,,,,,4,-100,40,,,,,,91,,91,3,,,,,,eth0,10.0.2.15,fec0::5054:ff:fe12:3456;fe80::5054:ff:fe12:3456%eth0,100,Disabled,Disabled
2019-07-07 10:37:17,,,MOBILE/LTE,LTE,READY,IN_SERVICE,CONNECTED,1,0,1,0,NONE,CONNECTED,connected,epc.tmobile.com,,,,,,,Android,310,260,Android,310,260,1,,,,,4,-100,40,,,,,,91,,91,3,,,,,,eth0,10.0.2.15,fec0::5054:ff:fe12:3456;fe80::5054:ff:fe12:3456%eth0,100,Disabled,Disabled
2019-07-07 10:37:07,,,MOBILE/LTE,LTE,READY,IN_SERVICE,CONNECTED,1,0,1,0,NONE,CONNECTED,connected,epc.tmobile.com,,,,,,,Android,310,260,Android,310,260,1,,,,,4,-100,40,,,,,,91,,91,3,,,,,,eth0,10.0.2.15,fec0::5054:ff:fe12:3456;fe80::5054:ff:fe12:3456%eth0,100,Disabled,Disabled
2019-07-07 10:36:57,,,MOBILE/LTE,LTE,READY,IN_SERVICE,CONNECTED,1,0,1,0,NONE,CONNECTED,connected,epc.tmobile.com,,,,,,,Android,310,260,Android,310,260,1,,,,,4,-100,40,,,,,,91,,91,3,,,,,,eth0,10.0.2.15,fec0::5054:ff:fe12:3456;fe80::5054:ff:fe12:3456%eth0,100,Disabled,Disabled
2019-07-07 10:36:47,,,MOBILE/LTE,LTE,READY,IN_SERVICE,CONNECTED,1,0,1,0,NONE,CONNECTED,connected,epc.tmobile.com,,,,,,,Android,310,260,Android,310,260,1,,,,,4,-100,40,,,,,,91,,91,3,,,,,,eth0,10.0.2.15,fec0::5054:ff:fe12:3456;fe80::5054:ff:fe12:3456%eth0,100,Disabled,Disabled
2019-07-07 10:36:37,,,MOBILE/LTE,LTE,READY,IN_SERVICE,CONNECTED,1,0,1,0,NONE,CONNECTED,connected,epc.tmobile.com,,,,,,,Android,310,260,Android,310,260,1,,,,,4,-100,40,,,,,,91,,91,3,,,,,,eth0,10.0.2.15,fec0::5054:ff:fe12:3456;fe80::5054:ff:fe12:3456%eth0,100,Disabled,Disabled
2019-07-07 10:36:27,,,MOBILE/LTE,LTE,READY,IN_SERVICE,CONNECTED,1,0,1,0,NONE,CONNECTED,connected,epc.tmobile.com,,,,,,,Android,310,260,Android,310,260,1,,,,,4,-100,40,,,,,,91,,91,3,,,,,,eth0,10.0.2.15,fec0::5054:ff:fe12:3456;fe80::5054:ff:fe12:3456%eth0,100,Disabled,Disabled
2019-07-07 10:36:17,,,MOBILE/LTE,LTE,READY,IN_SERVICE,CONNECTED,1,0,1,0,NONE,CONNECTED,connected,epc.tmobile.com,,,,,,,Android,310,260,Android,310,260,1,,,,,4,-100,40,,,,,,91,,91,3,,,,,,eth0,10.0.2.15,fec0::5054:ff:fe12:3456;fe80::5054:ff:fe12:3456%eth0,100,Disabled,Disabled
2019-07-07 10:36:07,,,MOBILE/LTE,LTE,READY,IN_SERVICE,CONNECTED,1,0,1,0,NONE,CONNECTED,connected,epc.tmobile.com,,,,,,,Android,310,260,Android,310,260,1,,,,,4,-100,40,,,,,,91,,91,3,,,,,,eth0,10.0.2.15,fec0::5054:ff:fe12:3456;fe80::5054:ff:fe12:3456%eth0,100,Disabled,Disabled
2019-07-07 10:35:57,,,MOBILE/LTE,LTE,READY,IN_SERVICE,CONNECTED,1,0,1,0,NONE,CONNECTED,connected,epc.tmobile.com,,,,,,,Android,310,260,Android,310,260,1,,,,,4,-100,40,,,,,,91,,91,3,,,,,,eth0,10.0.2.15,fec0::5054:ff:fe12:3456;fe80::5054:ff:fe12:3456%eth0,100,Disabled,Disabled
2019-07-07 10:35:47,,,MOBILE/LTE,LTE,READY,IN_SERVICE,CONNECTED,1,0,1,0,NONE,CONNECTED,connected,epc.tmobile.com,,,,,,,Android,310,260,Android,310,260,1,,,,,4,-100,40,,,,,,91,,91,3,,,,,,eth0,10.0.2.15,fec0::5054:ff:fe12:3456;fe80::5054:ff:fe12:3456%eth0,100,Disabled,Disabled
2019-07-07 10:35:37,,,MOBILE/LTE,LTE,READY,IN_SERVICE,CONNECTED,1,0,1,0,INOUT,CONNECTED,connected,epc.tmobile.com,,,,,,,Android,310,260,Android,310,260,1,,,,,4,-100,40,,,,,,91,,91,3,,,,,,eth0,10.0.2.15,fec0::5054:ff:fe12:3456;fe80::5054:ff:fe12:3456%eth0,100,Disabled,Disabled
2019-07-07 10:35:27,,,MOBILE/LTE,LTE,READY,IN_SERVICE,CONNECTED,1,0,1,0,INOUT,CONNECTED,connected,epc.tmobile.com,,,,,,,Android,310,260,Android,310,260,1,,,,,4,-100,40,,,,,,91,,91,3,,,,,,eth0,10.0.2.15,fec0::5054:ff:fe12:3456;fe80::5054:ff:fe12:3456%eth0,100,Disabled,Disabled
2019-07-07 10:35:17,,,MOBILE/LTE,LTE,READY,IN_SERVICE,CONNECTED,1,0,1,0,NONE,CONNECTED,connected,epc.tmobile.com,,,,,,,Android,310,260,Android,310,260,1,,,,,4,-100,40,,,,,,91,,91,3,,,,,,eth0,10.0.2.15,fec0::5054:ff:fe12:3456;fe80::5054:ff:fe12:3456%eth0,100,Disabled,Disabled
2019-07-07 10:35:07,,,MOBILE/LTE,LTE,READY,IN_SERVICE,CONNECTED,1,0,1,0,NONE,CONNECTED,connected,epc.tmobile.com,,,,,,,Android,310,260,Android,310,260,1,,,,,4,-100,40,,,,,,91,,91,3,,,,,,eth0,10.0.2.15,fec0::5054:ff:fe12:3456;fe80::5054:ff:fe12:3456%eth0,100,Disabled,Disabled
2019-07-07 10:34:57,,,MOBILE/LTE,LTE,READY,IN_SERVICE,CONNECTED,1,0,1,0,NONE,CONNECTED,connected,epc.tmobile.com,,,,,,,Android,310,260,Android,310,260,1,,,,,4,-100,40,,,,,,91,,91,3,,,,,,eth0,10.0.2.15,fec0::5054:ff:fe12:3456;fe80::5054:ff:fe12:3456%eth0,100,Disabled,Disabled
2019-07-07 10:34:47,,,MOBILE/LTE,LTE,READY,IN_SERVICE,CONNECTED,1,0,1,0,NONE,CONNECTED,connected,epc.tmobile.com,,,,,,,Android,310,260,Android,310,260,1,,,,,4,-100,40,,,,,,91,,91,3,,,,,,eth0,10.0.2.15,fec0::5054:ff:fe12:3456;fe80::5054:ff:fe12:3456%eth0,100,Disabled,Disabled
2019-07-07 10:34:37,,,MOBILE/LTE,LTE,READY,IN_SERVICE,CONNECTED,1,0,1,0,INOUT,CONNECTED,connected,epc.tmobile.com,,,,,,,Android,310,260,Android,310,260,1,,,,,4,-100,40,,,,,,91,,91,3,,,,,,eth0,10.0.2.15,fec0::5054:ff:fe12:3456;fe80::5054:ff:fe12:3456%eth0,100,Disabled,Disabled
2019-07-07 10:34:27,,,MOBILE/LTE,LTE,READY,IN_SERVICE,CONNECTED,1,0,1,0,INOUT,CONNECTED,connected,epc.tmobile.com,,,,,,,Android,310,260,Android,310,260,1,,,,,4,-100,40,,,,,,91,,91,3,,,,,,eth0,10.0.2.15,fec0::5054:ff:fe12:3456;fe80::5054:ff:fe12:3456%eth0,100,Disabled,Disabled
2019-07-07 10:34:17,,,MOBILE/LTE,LTE,READY,IN_SERVICE,CONNECTED,1,0,1,0,NONE,CONNECTED,connected,epc.tmobile.com,,,,,,,Android,310,260,Android,310,260,1,,,,,4,-100,40,,,,,,91,,91,3,,,,,,eth0,10.0.2.15,fec0::5054:ff:fe12:3456;fe80::5054:ff:fe12:3456%eth0,100,Disabled,Disabled
2019-07-07 10:34:07,,,MOBILE/LTE,LTE,READY,IN_SERVICE,CONNECTED,1,0,1,0,NONE,CONNECTED,connected,epc.tmobile.com,,,,,,,Android,310,260,Android,310,260,1,,,,,4,-100,40,,,,,,91,,91,3,,,,,,eth0,10.0.2.15,fec0::5054:ff:fe12:3456;fe80::5054:ff:fe12:3456%eth0,100,Disabled,Disabled
2019-07-07 10:33:57,,,MOBILE/LTE,LTE,READY,IN_SERVICE,CONNECTED,1,0,1,0,NONE,CONNECTED,connected,epc.tmobile.com,,,,,,,Android,310,260,Android,310,260,1,,,,,4,-100,40,,,,,,91,,91,3,,,,,,eth0,10.0.2.15,fec0::5054:ff:fe12:3456;fe80::5054:ff:fe12:3456%eth0,100,Disabled,Disabled
2019-07-07 10:33:47,,,MOBILE/LTE,LTE,READY,IN_SERVICE,CONNECTED,1,0,1,0,NONE,CONNECTED,connected,epc.tmobile.com,,,,,,,Android,310,260,Android,310,260,1,,,,,4,-100,40,,,,,,91,,91,3,,,,,,eth0,10.0.2.15,fec0::5054:ff:fe12:3456;fe80::5054:ff:fe12:3456%eth0,100,Disabled,Disabled
2019-07-07 10:33:37,,,MOBILE/LTE,LTE,READY,IN_SERVICE,CONNECTED,1,0,1,0,INOUT,CONNECTED,connected,epc.tmobile.com,,,,,,,Android,310,260,Android,310,260,1,,,,,4,-100,40,,,,,,91,,91,3,,,,,,eth0,10.0.2.15,fec0::5054:ff:fe12:3456;fe80::5054:ff:fe12:3456%eth0,100,Disabled,Disabled
2019-07-07 10:33:27,,,MOBILE/LTE,LTE,READY,IN_SERVICE,CONNECTED,1,0,1,0,INOUT,CONNECTED,connected,epc.tmobile.com,,,,,,,Android,310,260,Android,310,260,1,,,,,4,-100,40,,,,,,91,,91,3,,,,,,eth0,10.0.2.15,fec0::5054:ff:fe12:3456;fe80::5054:ff:fe12:3456%eth0,100,Disabled,Disabled
2019-07-07 10:33:17,,,MOBILE/LTE,LTE,READY,IN_SERVICE,CONNECTED,1,0,1,0,NONE,CONNECTED,connected,epc.tmobile.com,,,,,,,Android,310,260,Android,310,260,1,,,,,4,-100,40,,,,,,91,,91,3,,,,,,eth0,10.0.2.15,fec0::5054:ff:fe12:3456;fe80::5054:ff:fe12:3456%eth0,100,Disabled,Disabled
2019-07-07 10:33:07,,,MOBILE/LTE,LTE,READY,IN_SERVICE,CONNECTED,1,0,1,0,NONE,CONNECTED,connected,epc.tmobile.com,,,,,,,Android,310,260,Android,310,260,1,,,,,4,-100,40,,,,,,91,,91,3,,,,,,eth0,10.0.2.15,fec0::5054:ff:fe12:3456;fe80::5054:ff:fe12:3456%eth0,100,Disabled,Disabled
2019-07-07 10:32:57,,,MOBILE/LTE,LTE,READY,IN_SERVICE,CONNECTED,1,0,1,0,NONE,CONNECTED,connected,epc.tmobile.com,,,,,,,Android,310,260,Android,310,260,1,,,,,4,-100,40,,,,,,91,,91,3,,,,,,eth0,10.0.2.15,fec0::5054:ff:fe12:3456;fe80::5054:ff:fe12:3456%eth0,100,Disabled,Disabled
2019-07-07 10:32:47,,,MOBILE/LTE,LTE,READY,IN_SERVICE,CONNECTED,1,0,1,0,NONE,CONNECTED,connected,epc.tmobile.com,,,,,,,Android,310,260,Android,310,260,1,,,,,4,-100,40,,,,,,91,,91,3,,,,,,eth0,10.0.2.15,fec0::5054:ff:fe12:3456;fe80::5054:ff:fe12:3456%eth0,100,Disabled,Disabled
2019-07-07 10:32:37,,,MOBILE/LTE,LTE,READY,IN_SERVICE,CONNECTED,1,0,1,0,INOUT,CONNECTED,connected,epc.tmobile.com,,,,,,,Android,310,260,Android,310,260,1,,,,,4,-100,40,,,,,,91,,91,3,,,,,,eth0,10.0.2.15,fec0::5054:ff:fe12:3456;fe80::5054:ff:fe12:3456%eth0,100,Disabled,Disabled
2019-07-07 10:32:27,,,MOBILE/LTE,LTE,READY,IN_SERVICE,CONNECTED,1,0,1,0,INOUT,CONNECTED,connected,epc.tmobile.com,,,,,,,Android,310,260,Android,310,260,1,,,,,4,-100,40,,,,,,91,,91,3,,,,,,eth0,10.0.2.15,fec0::5054:ff:fe12:3456;fe80::5054:ff:fe12:3456%eth0,100,Disabled,Disabled
2019-07-07 10:32:17,,,MOBILE/LTE,LTE,READY,IN_SERVICE,CONNECTED,1,0,1,0,NONE,CONNECTED,connected,epc.tmobile.com,,,,,,,Android,310,260,Android,310,260,1,,,,,4,-100,40,,,,,,91,,91,3,,,,,,eth0,10.0.2.15,fec0::5054:ff:fe12:3456;fe80::5054:ff:fe12:3456%eth0,100,Disabled,Disabled
2019-07-07 10:32:07,,,MOBILE/LTE,LTE,READY,IN_SERVICE,CONNECTED,1,0,1,0,NONE,CONNECTED,connected,epc.tmobile.com,,,,,,,Android,310,260,Android,310,260,1,,,,,4,-100,40,,,,,,91,,91,3,,,,,,eth0,10.0.2.15,fec0::5054:ff:fe12:3456;fe80::5054:ff:fe12:3456%eth0,100,Disabled,Disabled
2019-07-07 10:31:57,,,MOBILE/LTE,LTE,READY,IN_SERVICE,CONNECTED,1,0,1,0,NONE,CONNECTED,connected,epc.tmobile.com,,,,,,,Android,310,260,Android,310,260,1,,,,,4,-100,40,,,,,,91,,91,3,,,,,,eth0,10.0.2.15,fec0::5054:ff:fe12:3456;fe80::5054:ff:fe12:3456%eth0,100,Disabled,Disabled
2019-07-07 10:31:47,,,MOBILE/LTE,LTE,READY,IN_SERVICE,CONNECTED,1,0,1,0,NONE,CONNECTED,connected,epc.tmobile.com,,,,,,,Android,310,260,Android,310,260,1,,,,,4,-100,40,,,,,,91,,91,3,,,,,,eth0,10.0.2.15,fec0::5054:ff:fe12:3456;fe80::5054:ff:fe12:3456%eth0,100,Disabled,Disabled
2019-07-07 10:31:37,,,MOBILE/LTE,LTE,READY,IN_SERVICE,CONNECTED,1,0,1,0,NONE,CONNECTED,connected,epc.tmobile.com,,,,,,,Android,310,260,Android,310,260,1,,,,,4,-100,40,,,,,,91,,91,3,,,,,,eth0,10.0.2.15,fec0::5054:ff:fe12:3456;fe80::5054:ff:fe12:3456%eth0,100,Disabled,Disabled
2019-07-07 10:31:27,,,MOBILE/LTE,LTE,READY,IN_SERVICE,CONNECTED,1,0,1,0,NONE,CONNECTED,connected,epc.tmobile.com,,,,,,,Android,310,260,Android,310,260,1,,,,,4,-100,40,,,,,,91,,91,3,,,,,,eth0,10.0.2.15,fec0::5054:ff:fe12:3456;fe80::5054:ff:fe12:3456%eth0,100,Disabled,Disabled
2019-07-07 10:31:17,,,MOBILE/LTE,LTE,READY,IN_SERVICE,CONNECTED,1,0,1,0,NONE,CONNECTED,connected,epc.tmobile.com,,,,,,,Android,310,260,Android,310,260,1,,,,,4,-100,40,,,,,,91,,91,3,,,,,,eth0,10.0.2.15,fec0::5054:ff:fe12:3456;fe80::5054:ff:fe12:3456%eth0,100,Disabled,Disabled
2019-07-07 10:31:07,,,MOBILE/LTE,LTE,READY,IN_SERVICE,CONNECTED,1,0,1,0,NONE,CONNECTED,connected,epc.tmobile.com,,,,,,,Android,310,260,Android,310,260,1,,,,,4,-100,40,,,,,,91,,91,3,,,,,,eth0,10.0.2.15,fec0::5054:ff:fe12:3456;fe80::5054:ff:fe12:3456%eth0,100,Disabled,Disabled
2019-07-07 10:30:57,,,MOBILE/LTE,LTE,READY,IN_SERVICE,CONNECTED,1,0,1,0,NONE,CONNECTED,connected,epc.tmobile.com,,,,,,,Android,310,260,Android,310,260,1,,,,,4,-100,40,,,,,,91,,91,3,,,,,,eth0,10.0.2.15,fec0::5054:ff:fe12:3456;fe80::5054:ff:fe12:3456%eth0,100,Disabled,Disabled
2019-07-07 10:30:47,,,MOBILE/LTE,LTE,READY,IN_SERVICE,CONNECTED,1,0,1,0,NONE,CONNECTED,connected,epc.tmobile.com,,,,,,,Android,310,260,Android,310,260,1,,,,,4,-100,40,,,,,,91,,91,3,,,,,,eth0,10.0.2.15,fec0::5054:ff:fe12:3456;fe80::5054:ff:fe12:3456%eth0,100,Disabled,Disabled
2019-07-07 10:30:37,,,MOBILE/LTE,LTE,READY,IN_SERVICE,CONNECTED,1,0,1,0,NONE,CONNECTED,connected,epc.tmobile.com,,,,,,,Android,310,260,Android,310,260,1,,,,,4,-100,40,,,,,,91,,91,3,,,,,,eth0,10.0.2.15,fec0::5054:ff:fe12:3456;fe80::5054:ff:fe12:3456%eth0,100,Disabled,Disabled
2019-07-07 10:30:27,,,MOBILE/LTE,LTE,READY,IN_SERVICE,CONNECTED,1,0,1,0,NONE,CONNECTED,connected,epc.tmobile.com,,,,,,,Android,310,260,Android,310,260,1,,,,,4,-100,40,,,,,,91,,91,3,,,,,,eth0,10.0.2.15,fec0::5054:ff:fe12:3456;fe80::5054:ff:fe12:3456%eth0,100,Disabled,Disabled
2019-07-07 10:30:17,,,MOBILE/LTE,LTE,READY,IN_SERVICE,CONNECTED,1,0,1,0,NONE,CONNECTED,connected,epc.tmobile.com,,,,,,,Android,310,260,Android,310,260,1,,,,,4,-100,40,,,,,,91,,91,3,,,,,,eth0,10.0.2.15,fec0::5054:ff:fe12:3456;fe80::5054:ff:fe12:3456%eth0,100,Disabled,Disabled
2019-07-07 10:30:07,,,MOBILE/LTE,LTE,READY,IN_SERVICE,CONNECTED,1,0,1,0,NONE,CONNECTED,connected,epc.tmobile.com,,,,,,,Android,310,260,Android,310,260,1,,,,,4,-100,40,,,,,,91,,91,3,,,,,,eth0,10.0.2.15,fec0::5054:ff:fe12:3456;fe80::5054:ff:fe12:3456%eth0,100,Disabled,Disabled
2019-07-07 10:29:57,,,MOBILE/LTE,LTE,READY,IN_SERVICE,CONNECTED,1,0,1,0,NONE,CONNECTED,connected,epc.tmobile.com,,,,,,,Android,310,260,Android,310,260,1,,,,,4,-100,40,,,,,,91,,91,3,,,,,,eth0,10.0.2.15,fec0::5054:ff:fe12:3456;fe80::5054:ff:fe12:3456%eth0,100,Disabled,Disabled
2019-07-07 10:29:47,,,MOBILE/LTE,LTE,READY,IN_SERVICE,CONNECTED,1,0,1,0,NONE,CONNECTED,connected,epc.tmobile.com,,,,,,,Android,310,260,Android,310,260,1,,,,,4,-100,40,,,,,,91,,91,3,,,,,,eth0,10.0.2.15,fec0::5054:ff:fe12:3456;fe80::5054:ff:fe12:3456%eth0,100,Disabled,Disabled
2019-07-07 10:29:37,,,MOBILE/LTE,LTE,READY,IN_SERVICE,CONNECTED,1,0,1,0,NONE,CONNECTED,connected,epc.tmobile.com,,,,,,,Android,310,260,Android,310,260,1,,,,,4,-100,40,,,,,,91,,91,3,,,,,,eth0,10.0.2.15,fec0::5054:ff:fe12:3456;fe80::5054:ff:fe12:3456%eth0,100,Disabled,Disabled
2019-07-07 10:29:27,,,MOBILE/LTE,LTE,READY,IN_SERVICE,CONNECTED,1,0,1,0,INOUT,CONNECTED,connected,epc.tmobile.com,,,,,,,Android,310,260,Android,310,260,1,,,,,4,-100,40,,,,,,91,,91,3,,,,,,eth0,10.0.2.15,fec0::5054:ff:fe12:3456;fe80::5054:ff:fe12:3456%eth0,100,Disabled,Disabled
2019-07-07 10:29:17,,,MOBILE/LTE,LTE,READY,IN_SERVICE,CONNECTED,1,0,1,0,NONE,CONNECTED,connected,epc.tmobile.com,,,,,,,Android,310,260,Android,310,260,1,,,,,4,-100,40,,,,,,91,,91,3,,,,,,eth0,10.0.2.15,fec0::5054:ff:fe12:3456;fe80::5054:ff:fe12:3456%eth0,100,Disabled,Disabled
2019-07-07 10:29:07,,,MOBILE/LTE,LTE,READY,IN_SERVICE,CONNECTED,1,0,1,0,NONE,CONNECTED,connected,epc.tmobile.com,,,,,,,Android,310,260,Android,310,260,1,,,,,4,-100,40,,,,,,91,,91,3,,,,,,eth0,10.0.2.15,fec0::5054:ff:fe12:3456;fe80::5054:ff:fe12:3456%eth0,100,Disabled,Disabled
2019-07-07 10:28:57,,,MOBILE/LTE,LTE,READY,IN_SERVICE,CONNECTED,1,0,1,0,NONE,CONNECTED,connected,epc.tmobile.com,,,,,,,Android,310,260,Android,310,260,1,,,,,4,-100,40,,,,,,91,,91,3,,,,,,eth0,10.0.2.15,fec0::5054:ff:fe12:3456;fe80::5054:ff:fe12:3456%eth0,100,Disabled,Disabled
2019-07-07 10:28:47,,,MOBILE/LTE,LTE,READY,IN_SERVICE,CONNECTED,1,0,1,0,NONE,CONNECTED,connected,epc.tmobile.com,,,,,,,Android,310,260,Android,310,260,1,,,,,4,-100,40,,,,,,91,,91,3,,,,,,eth0,10.0.2.15,fec0::5054:ff:fe12:3456;fe80::5054:ff:fe12:3456%eth0,100,Disabled,Disabled
2019-07-07 10:28:37,,,MOBILE/LTE,LTE,READY,IN_SERVICE,CONNECTED,1,0,1,0,INOUT,CONNECTED,connected,epc.tmobile.com,,,,,,,Android,310,260,Android,310,260,1,,,,,4,-100,40,,,,,,91,,91,3,,,,,,eth0,10.0.2.15,fec0::5054:ff:fe12:3456;fe80::5054:ff:fe12:3456%eth0,100,Disabled,Disabled
2019-07-07 10:28:27,,,MOBILE/LTE,LTE,READY,IN_SERVICE,CONNECTED,1,0,1,0,INOUT,CONNECTED,connected,epc.tmobile.com,,,,,,,Android,310,260,Android,310,260,1,,,,,4,-100,40,,,,,,91,,91,3,,,,,,eth0,10.0.2.15,fec0::5054:ff:fe12:3456;fe80::5054:ff:fe12:3456%eth0,100,Disabled,Disabled
2019-07-07 10:28:17,,,MOBILE/LTE,LTE,READY,IN_SERVICE,CONNECTED,1,0,1,0,NONE,CONNECTED,connected,epc.tmobile.com,,,,,,,Android,310,260,Android,310,260,1,,,,,4,-100,40,,,,,,91,,91,3,,,,,,eth0,10.0.2.15,fec0::5054:ff:fe12:3456;fe80::5054:ff:fe12:3456%eth0,100,Disabled,Disabled
2019-07-07 10:28:07,,,MOBILE/LTE,LTE,READY,IN_SERVICE,CONNECTED,1,0,1,0,NONE,CONNECTED,connected,epc.tmobile.com,,,,,,,Android,310,260,Android,310,260,1,,,,,4,-100,40,,,,,,91,,91,3,,,,,,eth0,10.0.2.15,fec0::5054:ff:fe12:3456;fe80::5054:ff:fe12:3456%eth0,100,Disabled,Disabled
2019-07-07 10:27:57,,,MOBILE/LTE,LTE,READY,IN_SERVICE,CONNECTED,1,0,1,0,NONE,CONNECTED,connected,epc.tmobile.com,,,,,,,Android,310,260,Android,310,260,1,,,,,4,-100,40,,,,,,91,,91,3,,,,,,eth0,10.0.2.15,fec0::5054:ff:fe12:3456;fe80::5054:ff:fe12:3456%eth0,100,Disabled,Disabled
2019-07-07 10:27:47,,,MOBILE/LTE,LTE,READY,IN_SERVICE,CONNECTED,1,0,1,0,NONE,CONNECTED,connected,epc.tmobile.com,,,,,,,Android,310,260,Android,310,260,1,,,,,4,-100,40,,,,,,91,,91,3,,,,,,eth0,10.0.2.15,fec0::5054:ff:fe12:3456;fe80::5054:ff:fe12:3456%eth0,100,Disabled,Disabled
2019-07-07 10:27:37,,,MOBILE/LTE,LTE,READY,IN_SERVICE,CONNECTED,1,0,1,0,INOUT,CONNECTED,connected,epc.tmobile.com,,,,,,,Android,310,260,Android,310,260,1,,,,,4,-100,40,,,,,,91,,91,3,,,,,,eth0,10.0.2.15,fec0::5054:ff:fe12:3456;fe80::5054:ff:fe12:3456%eth0,100,Disabled,Disabled
2019-07-07 10:27:27,,,MOBILE/LTE,LTE,READY,IN_SERVICE,CONNECTED,1,0,1,0,INOUT,CONNECTED,connected,epc.tmobile.com,,,,,,,Android,310,260,Android,310,260,1,,,,,4,-100,40,,,,,,91,,91,3,,,,,,eth0,10.0.2.15,fec0::5054:ff:fe12:3456;fe80::5054:ff:fe12:3456%eth0,100,Disabled,Disabled
2019-07-07 10:27:17,,,MOBILE/LTE,LTE,READY,IN_SERVICE,CONNECTED,1,0,1,0,NONE,CONNECTED,connected,epc.tmobile.com,,,,,,,Android,310,260,Android,310,260,1,,,,,4,-100,40,,,,,,91,,91,3,,,,,,eth0,10.0.2.15,fec0::5054:ff:fe12:3456;fe80::5054:ff:fe12:3456%eth0,100,Disabled,Disabled
2019-07-07 10:27:07,,,MOBILE/LTE,LTE,READY,IN_SERVICE,CONNECTED,1,0,1,0,NONE,CONNECTED,connected,epc.tmobile.com,,,,,,,Android,310,260,Android,310,260,1,,,,,4,-100,40,,,,,,91,,91,3,,,,,,eth0,10.0.2.15,fec0::5054:ff:fe12:3456;fe80::5054:ff:fe12:3456%eth0,100,Disabled,Disabled
2019-07-07 10:26:57,,,MOBILE/LTE,LTE,READY,IN_SERVICE,CONNECTED,1,0,1,0,NONE,CONNECTED,connected,epc.tmobile.com,,,,,,,Android,310,260,Android,310,260,1,,,,,4,-100,40,,,,,,91,,91,3,,,,,,eth0,10.0.2.15,fec0::5054:ff:fe12:3456;fe80::5054:ff:fe12:3456%eth0,100,Disabled,Disabled
2019-07-07 10:26:47,,,MOBILE/LTE,LTE,READY,IN_SERVICE,CONNECTED,1,0,1,0,NONE,CONNECTED,connected,epc.tmobile.com,,,,,,,Android,310,260,Android,310,260,1,,,,,4,-100,40,,,,,,91,,91,3,,,,,,eth0,10.0.2.15,fec0::5054:ff:fe12:3456;fe80::5054:ff:fe12:3456%eth0,100,Disabled,Disabled
2019-07-07 10:26:37,,,MOBILE/LTE,LTE,READY,IN_SERVICE,CONNECTED,1,0,1,0,INOUT,CONNECTED,connected,epc.tmobile.com,,,,,,,Android,310,260,Android,310,260,1,,,,,4,-100,40,,,,,,91,,91,3,,,,,,eth0,10.0.2.15,fec0::5054:ff:fe12:3456;fe80::5054:ff:fe12:3456%eth0,100,Disabled,Disabled
2019-07-07 10:26:27,,,MOBILE/LTE,LTE,READY,IN_SERVICE,CONNECTED,1,0,1,0,NONE,CONNECTED,connected,epc.tmobile.com,,,,,,,Android,310,260,Android,310,260,1,,,,,4,-100,40,,,,,,91,,91,3,,,,,,eth0,10.0.2.15,fec0::5054:ff:fe12:3456;fe80::5054:ff:fe12:3456%eth0,100,Disabled,Disabled
2019-07-07 10:26:17,,,MOBILE/LTE,LTE,READY,IN_SERVICE,CONNECTED,1,0,1,0,NONE,CONNECTED,connected,epc.tmobile.com,,,,,,,Android,310,260,Android,310,260,1,,,,,4,-100,40,,,,,,91,,91,3,,,,,,eth0,10.0.2.15,fec0::5054:ff:fe12:3456;fe80::5054:ff:fe12:3456%eth0,100,Disabled,Disabled
2019-07-07 10:26:07,,,MOBILE/LTE,LTE,READY,IN_SERVICE,CONNECTED,1,0,1,0,NONE,CONNECTED,connected,epc.tmobile.com,,,,,,,Android,310,260,Android,310,260,1,,,,,4,-100,40,,,,,,91,,91,3,,,,,,eth0,10.0.2.15,fec0::5054:ff:fe12:3456;fe80::5054:ff:fe12:3456%eth0,100,Disabled,Disabled
2019-07-07 10:25:57,,,MOBILE/LTE,LTE,READY,IN_SERVICE,CONNECTED,1,0,1,0,NONE,CONNECTED,connected,epc.tmobile.com,,,,,,,Android,310,260,Android,310,260,1,,,,,4,-100,40,,,,,,91,,91,3,,,,,,eth0,10.0.2.15,fec0::5054:ff:fe12:3456;fe80::5054:ff:fe12:3456%eth0,100,Disabled,Disabled
2019-07-07 10:25:47,,,MOBILE/LTE,LTE,READY,IN_SERVICE,CONNECTED,1,0,1,0,NONE,CONNECTED,connected,epc.tmobile.com,,,,,,,Android,310,260,Android,310,260,1,,,,,4,-100,40,,,,,,91,,91,3,,,,,,eth0,10.0.2.15,fec0::5054:ff:fe12:3456;fe80::5054:ff:fe12:3456%eth0,100,Disabled,Disabled
2019-07-07 10:25:37,,,MOBILE/LTE,LTE,READY,IN_SERVICE,CONNECTED,1,0,1,0,NONE,CONNECTED,connected,epc.tmobile.com,,,,,,,Android,310,260,Android,310,260,1,,,,,4,-100,40,,,,,,91,,91,3,,,,,,eth0,10.0.2.15,fec0::5054:ff:fe12:3456;fe80::5054:ff:fe12:3456%eth0,100,Disabled,Disabled
2019-07-07 10:25:27,,,MOBILE/LTE,LTE,READY,IN_SERVICE,CONNECTED,1,0,1,0,NONE,CONNECTED,connected,epc.tmobile.com,,,,,,,Android,310,260,Android,310,260,1,,,,,4,-100,40,,,,,,91,,91,3,,,,,,eth0,10.0.2.15,fec0::5054:ff:fe12:3456;fe80::5054:ff:fe12:3456%eth0,100,Disabled,Disabled
2019-07-07 10:25:17,,,MOBILE/LTE,LTE,READY,IN_SERVICE,CONNECTED,1,0,1,0,NONE,CONNECTED,connected,epc.tmobile.com,,,,,,,Android,310,260,Android,310,260,1,,,,,4,-100,40,,,,,,91,,91,3,,,,,,eth0,10.0.2.15,fec0::5054:ff:fe12:3456;fe80::5054:ff:fe12:3456%eth0,100,Disabled,Disabled
2019-07-07 10:25:07,,,MOBILE/LTE,LTE,READY,IN_SERVICE,CONNECTED,1,0,1,0,NONE,CONNECTED,connected,epc.tmobile.com,,,,,,,Android,310,260,Android,310,260,1,,,,,4,-100,40,,,,,,91,,91,3,,,,,,eth0,10.0.2.15,fec0::5054:ff:fe12:3456;fe80::5054:ff:fe12:3456%eth0,100,Disabled,Disabled
2019-07-07 10:24:57,,,MOBILE/LTE,LTE,READY,IN_SERVICE,CONNECTED,1,0,1,0,NONE,CONNECTED,connected,epc.tmobile.com,,,,,,,Android,310,260,Android,310,260,1,,,,,4,-100,40,,,,,,91,,91,3,,,,,,eth0,10.0.2.15,fec0::5054:ff:fe12:3456;fe80::5054:ff:fe12:3456%eth0,100,Disabled,Disabled
2019-07-07 10:24:47,,,MOBILE/LTE,LTE,READY,IN_SERVICE,CONNECTED,1,0,1,0,NONE,CONNECTED,connected,epc.tmobile.com,,,,,,,Android,310,260,Android,310,260,1,,,,,4,-100,40,,,,,,91,,91,3,,,,,,eth0,10.0.2.15,fec0::5054:ff:fe12:3456;fe80::5054:ff:fe12:3456%eth0,100,Disabled,Disabled
2019-07-07 10:24:37,,,MOBILE/LTE,LTE,READY,IN_SERVICE,CONNECTED,1,0,1,0,NONE,CONNECTED,connected,epc.tmobile.com,,,,,,,Android,310,260,Android,310,260,1,,,,,4,-100,40,,,,,,91,,91,3,,,,,,eth0,10.0.2.15,fec0::5054:ff:fe12:3456;fe80::5054:ff:fe12:3456%eth0,100,Disabled,Disabled
2019-07-07 10:24:27,,,MOBILE/LTE,LTE,READY,IN_SERVICE,CONNECTED,1,0,1,0,NONE,CONNECTED,connected,epc.tmobile.com,,,,,,,Android,310,260,Android,310,260,1,,,,,4,-100,40,,,,,,91,,91,3,,,,,,eth0,10.0.2.15,fec0::5054:ff:fe12:3456;fe80::5054:ff:fe12:3456%eth0,100,Disabled,Disabled
2019-07-07 10:24:17,,,MOBILE/LTE,LTE,READY,IN_SERVICE,CONNECTED,1,0,1,0,NONE,CONNECTED,connected,epc.tmobile.com,,,,,,,Android,310,260,Android,310,260,1,,,,,4,-100,40,,,,,,91,,91,3,,,,,,eth0,10.0.2.15,fec0::5054:ff:fe12:3456;fe80::5054:ff:fe12:3456%eth0,100,Disabled,Disabled
2019-07-07 10:24:07,,,MOBILE/LTE,LTE,READY,IN_SERVICE,CONNECTED,1,0,1,0,NONE,CONNECTED,connected,epc.tmobile.com,,,,,,,Android,310,260,Android,310,260,1,,,,,4,-100,40,,,,,,91,,91,3,,,,,,eth0,10.0.2.15,fec0::5054:ff:fe12:3456;fe80::5054:ff:fe12:3456%eth0,100,Disabled,Disabled
2019-07-07 10:23:57,,,MOBILE/LTE,LTE,READY,IN_SERVICE,CONNECTED,1,0,1,0,NONE,CONNECTED,connected,epc.tmobile.com,,,,,,,Android,310,260,Android,310,260,1,,,,,4,-100,40,,,,,,91,,91,3,,,,,,eth0,10.0.2.15,fec0::5054:ff:fe12:3456;fe80::5054:ff:fe12:3456%eth0,100,Disabled,Disabled
2019-07-07 10:23:47,,,MOBILE/LTE,LTE,READY,IN_SERVICE,CONNECTED,1,0,1,0,NONE,CONNECTED,connected,epc.tmobile.com,,,,,,,Android,310,260,Android,310,260,1,,,,,4,-100,40,,,,,,91,,91,3,,,,,,eth0,10.0.2.15,fec0::5054:ff:fe12:3456;fe80::5054:ff:fe12:3456%eth0,100,Disabled,Disabled
2019-07-07 10:23:37,,,MOBILE/LTE,LTE,READY,IN_SERVICE,CONNECTED,1,0,1,0,INOUT,CONNECTED,connected,epc.tmobile.com,,,,,,,Android,310,260,Android,310,260,1,,,,,4,-100,40,,,,,,91,,91,3,,,,,,eth0,10.0.2.15,fec0::5054:ff:fe12:3456;fe80::5054:ff:fe12:3456%eth0,100,Disabled,Disabled
2019-07-07 10:23:27,,,MOBILE/LTE,LTE,READY,IN_SERVICE,CONNECTED,1,0,1,0,INOUT,CONNECTED,connected,epc.tmobile.com,,,,,,,Android,310,260,Android,310,260,1,,,,,4,-100,40,,,,,,91,,91,3,,,,,,eth0,10.0.2.15,fec0::5054:ff:fe12:3456;fe80::5054:ff:fe12:3456%eth0,100,Disabled,Disabled
2019-07-07 10:23:17,,,MOBILE/LTE,LTE,READY,IN_SERVICE,CONNECTED,1,0,1,0,NONE,CONNECTED,connected,epc.tmobile.com,,,,,,,Android,310,260,Android,310,260,1,,,,,4,-100,40,,,,,,91,,91,3,,,,,,eth0,10.0.2.15,fec0::5054:ff:fe12:3456;fe80::5054:ff:fe12:3456%eth0,100,Disabled,Disabled
2019-07-07 10:23:07,,,MOBILE/LTE,LTE,READY,IN_SERVICE,CONNECTED,1,0,1,0,NONE,CONNECTED,connected,epc.tmobile.com,,,,,,,Android,310,260,Android,310,260,1,,,,,4,-100,40,,,,,,91,,91,3,,,,,,eth0,10.0.2.15,fec0::5054:ff:fe12:3456;fe80::5054:ff:fe12:3456%eth0,100,Disabled,Disabled
2019-07-07 10:22:57,,,MOBILE/LTE,LTE,READY,IN_SERVICE,CONNECTED,1,0,1,0,NONE,CONNECTED,connected,epc.tmobile.com,,,,,,,Android,310,260,Android,310,260,1,,,,,4,-100,40,,,,,,91,,91,3,,,,,,eth0,10.0.2.15,fec0::5054:ff:fe12:3456;fe80::5054:ff:fe12:3456%eth0,100,Disabled,Disabled
2019-07-07 10:22:47,,,MOBILE/LTE,LTE,READY,IN_SERVICE,CONNECTED,1,0,1,0,NONE,CONNECTED,connected,epc.tmobile.com,,,,,,,Android,310,260,Android,310,260,1,,,,,4,-100,40,,,,,,91,,91,3,,,,,,eth0,10.0.2.15,fec0::5054:ff:fe12:3456;fe80::5054:ff:fe12:3456%eth0,100,Disabled,Disabled
2019-07-07 10:22:37,,,MOBILE/LTE,LTE,READY,IN_SERVICE,CONNECTED,1,0,1,0,INOUT,CONNECTED,connected,epc.tmobile.com,,,,,,,Android,310,260,Android,310,260,1,,,,,4,-100,40,,,,,,91,,91,3,,,,,,eth0,10.0.2.15,fec0::5054:ff:fe12:3456;fe80::5054:ff:fe12:3456%eth0,100,Disabled,Disabled
2019-07-07 10:22:27,,,MOBILE/LTE,LTE,READY,IN_SERVICE,CONNECTED,1,0,1,0,INOUT,CONNECTED,connected,epc.tmobile.com,,,,,,,Android,310,260,Android,310,260,1,,,,,4,-100,40,,,,,,91,,91,3,,,,,,eth0,10.0.2.15,fec0::5054:ff:fe12:3456;fe80::5054:ff:fe12:3456%eth0,100,Disabled,Disabled
2019-07-07 10:22:17,,,MOBILE/LTE,LTE,READY,IN_SERVICE,CONNECTED,1,0,1,0,NONE,CONNECTED,connected,epc.tmobile.com,,,,,,,Android,310,260,Android,310,260,1,,,,,4,-100,40,,,,,,91,,91,3,,,,,,eth0,10.0.2.15,fec0::5054:ff:fe12:3456;fe80::5054:ff:fe12:3456%eth0,100,Disabled,Disabled
2019-07-07 10:22:07,,,MOBILE/LTE,LTE,READY,IN_SERVICE,CONNECTED,1,0,1,0,NONE,CONNECTED,connected,epc.tmobile.com,,,,,,,Android,310,260,Android,310,260,1,,,,,4,-100,40,,,,,,91,,91,3,,,,,,eth0,10.0.2.15,fec0::5054:ff:fe12:3456;fe80::5054:ff:fe12:3456%eth0,100,Disabled,Disabled
2019-07-07 10:21:57,,,MOBILE/LTE,LTE,READY,IN_SERVICE,CONNECTED,1,0,1,0,NONE,CONNECTED,connected,epc.tmobile.com,,,,,,,Android,310,260,Android,310,260,1,,,,,4,-100,40,,,,,,91,,91,3,,,,,,eth0,10.0.2.15,fec0::5054:ff:fe12:3456;fe80::5054:ff:fe12:3456%eth0,100,Disabled,Disabled
2019-07-07 10:21:47,,,MOBILE/LTE,LTE,READY,IN_SERVICE,CONNECTED,1,0,1,0,NONE,CONNECTED,connected,epc.tmobile.com,,,,,,,Android,310,260,Android,310,260,1,,,,,4,-100,40,,,,,,91,,91,3,,,,,,eth0,10.0.2.15,fec0::5054:ff:fe12:3456;fe80::5054:ff:fe12:3456%eth0,100,Disabled,Disabled
2019-07-07 10:21:37,,,MOBILE/LTE,LTE,READY,IN_SERVICE,CONNECTED,1,0,1,0,INOUT,CONNECTED,connected,epc.tmobile.com,,,,,,,Android,310,260,Android,310,260,1,,,,,4,-100,40,,,,,,91,,91,3,,,,,,eth0,10.0.2.15,fec0::5054:ff:fe12:3456;fe80::5054:ff:fe12:3456%eth0,100,Disabled,Disabled
2019-07-07 10:21:27,,,MOBILE/LTE,LTE,READY,IN_SERVICE,CONNECTED,1,0,1,0,INOUT,CONNECTED,connected,epc.tmobile.com,,,,,,,Android,310,260,Android,310,260,1,,,,,4,-100,40,,,,,,91,,91,3,,,,,,eth0,10.0.2.15,fec0::5054:ff:fe12:3456;fe80::5054:ff:fe12:3456%eth0,100,Disabled,Disabled
2019-07-07 10:21:17,,,MOBILE/LTE,LTE,READY,IN_SERVICE,CONNECTED,1,0,1,0,NONE,CONNECTED,connected,epc.tmobile.com,,,,,,,Android,310,260,Android,310,260,1,,,,,4,-100,40,,,,,,91,,91,3,,,,,,eth0,10.0.2.15,fec0::5054:ff:fe12:3456;fe80::5054:ff:fe12:3456%eth0,100,Disabled,Disabled
2019-07-07 10:21:07,,,MOBILE/LTE,LTE,READY,IN_SERVICE,CONNECTED,1,0,1,0,NONE,CONNECTED,connected,epc.tmobile.com,,,,,,,Android,310,260,Android,310,260,1,,,,,4,-100,40,,,,,,91,,91,3,,,,,,eth0,10.0.2.15,fec0::5054:ff:fe12:3456;fe80::5054:ff:fe12:3456%eth0,100,Disabled,Disabled
2019-07-07 10:20:57,,,MOBILE/LTE,LTE,READY,IN_SERVICE,CONNECTED,1,0,1,0,NONE,CONNECTED,connected,epc.tmobile.com,,,,,,,Android,310,260,Android,310,260,1,,,,,4,-100,40,,,,,,91,,91,3,,,,,,eth0,10.0.2.15,fec0::5054:ff:fe12:3456;fe80::5054:ff:fe12:3456%eth0,100,Disabled,Disabled
2019-07-07 10:20:47,,,MOBILE/LTE,LTE,READY,IN_SERVICE,CONNECTED,1,0,1,0,NONE,CONNECTED,connected,epc.tmobile.com,,,,,,,Android,310,260,Android,310,260,1,,,,,4,-100,40,,,,,,91,,91,3,,,,,,eth0,10.0.2.15,fec0::5054:ff:fe12:3456;fe80::5054:ff:fe12:3456%eth0,100,Disabled,Disabled
2019-07-07 10:20:37,,,MOBILE/LTE,LTE,READY,IN_SERVICE,CONNECTED,1,0,1,0,NONE,CONNECTED,connected,epc.tmobile.com,,,,,,,Android,310,260,Android,310,260,1,,,,,4,-100,40,,,,,,91,,91,3,,,,,,eth0,10.0.2.15,fec0::5054:ff:fe12:3456;fe80::5054:ff:fe12:3456%eth0,100,Disabled,Disabled
2019-07-07 10:20:27,,,MOBILE/LTE,LTE,READY,IN_SERVICE,CONNECTED,1,0,1,0,NONE,CONNECTED,connected,epc.tmobile.com,,,,,,,Android,310,260,Android,310,260,1,,,,,4,-100,40,,,,,,91,,91,3,,,,,,eth0,10.0.2.15,fec0::5054:ff:fe12:3456;fe80::5054:ff:fe12:3456%eth0,100,Disabled,Disabled
2019-07-07 10:20:17,,,MOBILE/LTE,LTE,READY,IN_SERVICE,CONNECTED,1,0,1,0,NONE,CONNECTED,connected,epc.tmobile.com,,,,,,,Android,310,260,Android,310,260,1,,,,,4,-100,40,,,,,,91,,91,3,,,,,,eth0,10.0.2.15,fec0::5054:ff:fe12:3456;fe80::5054:ff:fe12:3456%eth0,100,Disabled,Disabled
2019-07-07 10:20:07,,,MOBILE/LTE,LTE,READY,IN_SERVICE,CONNECTED,1,0,1,0,NONE,CONNECTED,connected,epc.tmobile.com,,,,,,,Android,310,260,Android,310,260,1,,,,,4,-100,40,,,,,,91,,91,3,,,,,,eth0,10.0.2.15,fec0::5054:ff:fe12:3456;fe80::5054:ff:fe12:3456%eth0,100,Disabled,Disabled
2019-07-07 10:19:57,,,MOBILE/LTE,LTE,READY,IN_SERVICE,CONNECTED,1,0,1,0,NONE,CONNECTED,connected,epc.tmobile.com,,,,,,,Android,310,260,Android,310,260,1,,,,,4,-100,40,,,,,,91,,91,3,,,,,,eth0,10.0.2.15,fec0::5054:ff:fe12:3456;fe80::5054:ff:fe12:3456%eth0,100,Disabled,Disabled
2019-07-07 10:19:47,,,MOBILE/LTE,LTE,READY,IN_SERVICE,CONNECTED,1,0,1,0,NONE,CONNECTED,connected,epc.tmobile.com,,,,,,,Android,310,260,Android,310,260,1,,,,,4,-100,40,,,,,,91,,91,3,,,,,,eth0,10.0.2.15,fec0::5054:ff:fe12:3456;fe80::5054:ff:fe12:3456%eth0,100,Disabled,Disabled
2019-07-07 10:19:37,,,MOBILE/LTE,LTE,READY,IN_SERVICE,CONNECTED,1,0,1,0,NONE,CONNECTED,connected,epc.tmobile.com,,,,,,,Android,310,260,Android,310,260,1,,,,,4,-100,40,,,,,,91,,91,3,,,,,,eth0,10.0.2.15,fec0::5054:ff:fe12:3456;fe80::5054:ff:fe12:3456%eth0,100,Disabled,Disabled
2019-07-07 10:19:27,,,MOBILE/LTE,LTE,READY,IN_SERVICE,CONNECTED,1,0,1,0,NONE,CONNECTED,connected,epc.tmobile.com,,,,,,,Android,310,260,Android,310,260,1,,,,,4,-100,40,,,,,,91,,91,3,,,,,,eth0,10.0.2.15,fec0::5054:ff:fe12:3456;fe80::5054:ff:fe12:3456%eth0,100,Disabled,Disabled
2019-07-07 10:19:17,,,MOBILE/LTE,LTE,READY,IN_SERVICE,CONNECTED,1,0,1,0,NONE,CONNECTED,connected,epc.tmobile.com,,,,,,,Android,310,260,Android,310,260,1,,,,,4,-100,40,,,,,,91,,91,3,,,,,,eth0,10.0.2.15,fec0::5054:ff:fe12:3456;fe80::5054:ff:fe12:3456%eth0,100,Disabled,Disabled
2019-07-07 10:19:07,,,MOBILE/LTE,LTE,READY,IN_SERVICE,CONNECTED,1,0,1,0,NONE,CONNECTED,connected,epc.tmobile.com,,,,,,,Android,310,260,Android,310,260,1,,,,,4,-100,40,,,,,,91,,91,3,,,,,,eth0,10.0.2.15,fec0::5054:ff:fe12:3456;fe80::5054:ff:fe12:3456%eth0,100,Disabled,Disabled
2019-07-07 10:18:57,,,MOBILE/LTE,LTE,READY,IN_SERVICE,CONNECTED,1,0,1,0,NONE,CONNECTED,connected,epc.tmobile.com,,,,,,,Android,310,260,Android,310,260,1,,,,,4,-100,40,,,,,,91,,91,3,,,,,,eth0,10.0.2.15,fec0::5054:ff:fe12:3456;fe80::5054:ff:fe12:3456%eth0,100,Disabled,Disabled
2019-07-07 10:18:47,,,MOBILE/LTE,LTE,READY,IN_SERVICE,CONNECTED,1,0,1,0,NONE,CONNECTED,connected,epc.tmobile.com,,,,,,,Android,310,260,Android,310,260,1,,,,,4,-100,40,,,,,,91,,91,3,,,,,,eth0,10.0.2.15,fec0::5054:ff:fe12:3456;fe80::5054:ff:fe12:3456%eth0,100,Disabled,Disabled
2019-07-07 10:18:37,,,MOBILE/LTE,LTE,READY,IN_SERVICE,CONNECTED,1,0,1,0,NONE,CONNECTED,connected,epc.tmobile.com,,,,,,,Android,310,260,Android,310,260,1,,,,,4,-100,40,,,,,,91,,91,3,,,,,,eth0,10.0.2.15,fec0::5054:ff:fe12:3456;fe80::5054:ff:fe12:3456%eth0,100,Disabled,Disabled
2019-07-07 10:18:27,,,MOBILE/LTE,LTE,READY,IN_SERVICE,CONNECTED,1,0,1,0,INOUT,CONNECTED,connected,epc.tmobile.com,,,,,,,Android,310,260,Android,310,260,1,,,,,4,-100,40,,,,,,91,,91,3,,,,,,eth0,10.0.2.15,fec0::5054:ff:fe12:3456;fe80::5054:ff:fe12:3456%eth0,100,Disabled,Disabled
2019-07-07 10:18:17,,,MOBILE/LTE,LTE,READY,IN_SERVICE,CONNECTED,1,0,1,0,NONE,CONNECTED,connected,epc.tmobile.com,,,,,,,Android,310,260,Android,310,260,1,,,,,4,-100,40,,,,,,91,,91,3,,,,,,eth0,10.0.2.15,fec0::5054:ff:fe12:3456;fe80::5054:ff:fe12:3456%eth0,100,Disabled,Disabled
2019-07-07 10:18:07,,,MOBILE/LTE,LTE,READY,IN_SERVICE,CONNECTED,1,0,1,0,NONE,CONNECTED,connected,epc.tmobile.com,,,,,,,Android,310,260,Android,310,260,1,,,,,4,-100,40,,,,,,91,,91,3,,,,,,eth0,10.0.2.15,fec0::5054:ff:fe12:3456;fe80::5054:ff:fe12:3456%eth0,100,Disabled,Disabled
2019-07-07 10:17:57,,,MOBILE/LTE,LTE,READY,IN_SERVICE,CONNECTED,1,0,1,0,NONE,CONNECTED,connected,epc.tmobile.com,,,,,,,Android,310,260,Android,310,260,1,,,,,4,-100,40,,,,,,91,,91,3,,,,,,eth0,10.0.2.15,fec0::5054:ff:fe12:3456;fe80::5054:ff:fe12:3456%eth0,100,Disabled,Disabled
2019-07-07 10:17:47,,,MOBILE/LTE,LTE,READY,IN_SERVICE,CONNECTED,1,0,1,0,NONE,CONNECTED,connected,epc.tmobile.com,,,,,,,Android,310,260,Android,310,260,1,,,,,4,-100,40,,,,,,91,,91,3,,,,,,eth0,10.0.2.15,fec0::5054:ff:fe12:3456;fe80::5054:ff:fe12:3456%eth0,100,Disabled,Disabled
2019-07-07 10:17:37,,,MOBILE/LTE,LTE,READY,IN_SERVICE,CONNECTED,1,0,1,0,INOUT,CONNECTED,connected,epc.tmobile.com,,,,,,,Android,310,260,Android,310,260,1,,,,,4,-100,40,,,,,,91,,91,3,,,,,,eth0,10.0.2.15,fec0::5054:ff:fe12:3456;fe80::5054:ff:fe12:3456%eth0,100,Disabled,Disabled
2019-07-07 10:17:27,,,MOBILE/LTE,LTE,READY,IN_SERVICE,CONNECTED,1,0,1,0,INOUT,CONNECTED,connected,epc.tmobile.com,,,,,,,Android,310,260,Android,310,260,1,,,,,4,-100,40,,,,,,91,,91,3,,,,,,eth0,10.0.2.15,fec0::5054:ff:fe12:3456;fe80::5054:ff:fe12:3456%eth0,100,Disabled,Disabled
2019-07-07 10:17:17,,,MOBILE/LTE,LTE,READY,IN_SERVICE,CONNECTED,1,0,1,0,NONE,CONNECTED,connected,epc.tmobile.com,,,,,,,Android,310,260,Android,310,260,1,,,,,4,-100,40,,,,,,91,,91,3,,,,,,eth0,10.0.2.15,fec0::5054:ff:fe12:3456;fe80::5054:ff:fe12:3456%eth0,100,Disabled,Disabled
2019-07-07 10:17:07,,,MOBILE/LTE,LTE,READY,IN_SERVICE,CONNECTED,1,0,1,0,NONE,CONNECTED,connected,epc.tmobile.com,,,,,,,Android,310,260,Android,310,260,1,,,,,4,-100,40,,,,,,91,,91,3,,,,,,eth0,10.0.2.15,fec0::5054:ff:fe12:3456;fe80::5054:ff:fe12:3456%eth0,100,Disabled,Disabled
2019-07-07 10:16:57,,,MOBILE/LTE,LTE,READY,IN_SERVICE,CONNECTED,1,0,1,0,NONE,CONNECTED,connected,epc.tmobile.com,,,,,,,Android,310,260,Android,310,260,1,,,,,4,-100,40,,,,,,91,,91,3,,,,,,eth0,10.0.2.15,fec0::5054:ff:fe12:3456;fe80::5054:ff:fe12:3456%eth0,100,Disabled,Disabled
2019-07-06 19:19:59,,,MOBILE/LTE,LTE,READY,IN_SERVICE,CONNECTED,1,0,1,0,NONE,CONNECTED,connected,epc.tmobile.com,,,,,,,Android,310,260,Android,310,260,1,,,,,4,-100,40,,,,,,91,,91,3,,,,,,eth0,10.0.2.15,fec0::5054:ff:fe12:3456;fe80::5054:ff:fe12:3456%eth0,100,Disabled,Disabled
2019-07-06 19:19:49,,,MOBILE/LTE,LTE,READY,IN_SERVICE,CONNECTED,1,0,1,0,NONE,CONNECTED,connected,epc.tmobile.com,,,,,,,Android,310,260,Android,310,260,1,,,,,4,-100,40,,,,,,91,,91,3,,,,,,eth0,10.0.2.15,fec0::5054:ff:fe12:3456;fe80::5054:ff:fe12:3456%eth0,100,Disabled,Disabled
2019-07-06 19:19:39,,,MOBILE/LTE,LTE,READY,IN_SERVICE,CONNECTED,1,0,1,0,NONE,CONNECTED,connected,epc.tmobile.com,,,,,,,Android,310,260,Android,310,260,1,,,,,4,-100,40,,,,,,91,,91,3,,,,,,eth0,10.0.2.15,fec0::5054:ff:fe12:3456;fe80::5054:ff:fe12:3456%eth0,100,Disabled,Disabled
2019-07-06 19:19:29,,,MOBILE/LTE,LTE,READY,IN_SERVICE,CONNECTED,1,0,1,0,NONE,CONNECTED,connected,epc.tmobile.com,,,,,,,Android,310,260,Android,310,260,1,,,,,4,-100,40,,,,,,91,,91,3,,,,,,eth0,10.0.2.15,fec0::5054:ff:fe12:3456;fe80::5054:ff:fe12:3456%eth0,100,Disabled,Disabled
2019-07-06 19:19:19,,,MOBILE/LTE,LTE,READY,IN_SERVICE,CONNECTED,1,0,1,0,NONE,CONNECTED,connected,epc.tmobile.com,,,,,,,Android,310,260,Android,310,260,1,,,,,4,-100,40,,,,,,91,,91,3,,,,,,eth0,10.0.2.15,fec0::5054:ff:fe12:3456;fe80::5054:ff:fe12:3456%eth0,100,Disabled,Disabled
2019-07-06 19:19:09,,,MOBILE/LTE,LTE,READY,IN_SERVICE,CONNECTED,1,0,1,0,NONE,CONNECTED,connected,epc.tmobile.com,,,,,,,Android,310,260,Android,310,260,1,,,,,4,-100,40,,,,,,91,,91,3,,,,,,eth0,10.0.2.15,fec0::5054:ff:fe12:3456;fe80::5054:ff:fe12:3456%eth0,100,Disabled,Disabled
2019-07-06 19:18:59,,,MOBILE/LTE,LTE,READY,IN_SERVICE,CONNECTED,1,0,1,0,NONE,CONNECTED,connected,epc.tmobile.com,,,,,,,Android,310,260,Android,310,260,1,,,,,4,-100,40,,,,,,91,,91,3,,,,,,eth0,10.0.2.15,fec0::5054:ff:fe12:3456;fe80::5054:ff:fe12:3456%eth0,100,Disabled,Disabled
2019-07-06 19:18:49,,,MOBILE/LTE,LTE,READY,IN_SERVICE,CONNECTED,1,0,1,0,NONE,CONNECTED,connected,epc.tmobile.com,,,,,,,Android,310,260,Android,310,260,1,,,,,4,-100,40,,,,,,91,,91,3,,,,,,eth0,10.0.2.15,fec0::5054:ff:fe12:3456;fe80::5054:ff:fe12:3456%eth0,100,Disabled,Disabled
2019-07-06 19:18:39,,,MOBILE/LTE,LTE,READY,IN_SERVICE,CONNECTED,1,0,1,0,NONE,CONNECTED,connected,epc.tmobile.com,,,,,,,Android,310,260,Android,310,260,1,,,,,4,-100,40,,,,,,91,,91,3,,,,,,eth0,10.0.2.15,fec0::5054:ff:fe12:3456;fe80::5054:ff:fe12:3456%eth0,100,Disabled,Disabled
2019-07-06 19:18:29,,,MOBILE/LTE,LTE,READY,IN_SERVICE,CONNECTED,1,0,1,0,NONE,CONNECTED,connected,epc.tmobile.com,,,,,,,Android,310,260,Android,310,260,1,,,,,4,-100,40,,,,,,91,,91,3,,,,,,eth0,10.0.2.15,fec0::5054:ff:fe12:3456;fe80::5054:ff:fe12:3456%eth0,100,Disabled,Disabled
2019-07-06 19:18:19,,,MOBILE/LTE,LTE,READY,IN_SERVICE,CONNECTED,1,0,1,0,NONE,CONNECTED,connected,epc.tmobile.com,,,,,,,Android,310,260,Android,310,260,1,,,,,4,-100,40,,,,,,91,,91,3,,,,,,eth0,10.0.2.15,fec0::5054:ff:fe12:3456;fe80::5054:ff:fe12:3456%eth0,100,Disabled,Disabled
2019-07-06 19:18:09,,,MOBILE/LTE,LTE,READY,IN_SERVICE,CONNECTED,1,0,1,0,NONE,CONNECTED,connected,epc.tmobile.com,,,,,,,Android,310,260,Android,310,260,1,,,,,4,-100,40,,,,,,91,,91,3,,,,,,eth0,10.0.2.15,fec0::5054:ff:fe12:3456;fe80::5054:ff:fe12:3456%eth0,100,Disabled,Disabled
2019-07-06 19:17:59,,,MOBILE/LTE,LTE,READY,IN_SERVICE,CONNECTED,1,0,1,0,NONE,CONNECTED,connected,epc.tmobile.com,,,,,,,Android,310,260,Android,310,260,1,,,,,4,-100,40,,,,,,91,,91,3,,,,,,eth0,10.0.2.15,fec0::5054:ff:fe12:3456;fe80::5054:ff:fe12:3456%eth0,100,Disabled,Disabled
2019-07-06 19:17:49,,,MOBILE/LTE,LTE,READY,IN_SERVICE,CONNECTED,1,0,1,0,NONE,CONNECTED,connected,epc.tmobile.com,,,,,,,Android,310,260,Android,310,260,1,,,,,4,-100,40,,,,,,91,,91,3,,,,,,eth0,10.0.2.15,fec0::5054:ff:fe12:3456;fe80::5054:ff:fe12:3456%eth0,100,Disabled,Disabled
2019-07-06 19:17:39,,,MOBILE/LTE,LTE,READY,IN_SERVICE,CONNECTED,1,0,1,0,NONE,CONNECTED,connected,epc.tmobile.com,,,,,,,Android,310,260,Android,310,260,1,,,,,4,-100,40,,,,,,91,,91,3,,,,,,eth0,10.0.2.15,fec0::5054:ff:fe12:3456;fe80::5054:ff:fe12:3456%eth0,100,Disabled,Disabled
2019-07-06 19:17:29,,,MOBILE/LTE,LTE,READY,IN_SERVICE,CONNECTED,1,0,1,0,NONE,CONNECTED,connected,epc.tmobile.com,,,,,,,Android,310,260,Android,310,260,1,,,,,4,-100,40,,,,,,91,,91,3,,,,,,eth0,10.0.2.15,fec0::5054:ff:fe12:3456;fe80::5054:ff:fe12:3456%eth0,100,Disabled,Disabled
2019-07-06 19:17:19,,,MOBILE/LTE,LTE,READY,IN_SERVICE,CONNECTED,1,0,1,0,IN,CONNECTED,connected,epc.tmobile.com,,,,,,,Android,310,260,Android,310,260,1,,,,,4,-100,40,,,,,,91,,91,3,,,,,,eth0,10.0.2.15,fec0::5054:ff:fe12:3456;fe80::5054:ff:fe12:3456%eth0,100,Disabled,Disabled
2019-07-06 19:17:09,,,MOBILE/LTE,LTE,READY,IN_SERVICE,CONNECTED,1,0,1,0,NONE,CONNECTED,connected,epc.tmobile.com,,,,,,,Android,310,260,Android,310,260,1,,,,,4,-100,40,,,,,,91,,91,3,,,,,,eth0,10.0.2.15,fec0::5054:ff:fe12:3456;fe80::5054:ff:fe12:3456%eth0,100,Disabled,Disabled
2019-07-06 19:16:59,,,MOBILE/LTE,LTE,READY,IN_SERVICE,CONNECTED,1,0,1,0,NONE,CONNECTED,connected,epc.tmobile.com,,,,,,,Android,310,260,Android,310,260,1,,,,,4,-100,40,,,,,,91,,91,3,,,,,,eth0,10.0.2.15,fec0::5054:ff:fe12:3456;fe80::5054:ff:fe12:3456%eth0,100,Disabled,Disabled
2019-07-06 19:16:49,,,MOBILE/LTE,LTE,READY,IN_SERVICE,CONNECTED,1,0,1,0,NONE,CONNECTED,connected,epc.tmobile.com,,,,,,,Android,310,260,Android,310,260,1,,,,,4,-100,40,,,,,,91,,91,3,,,,,,eth0,10.0.2.15,fec0::5054:ff:fe12:3456;fe80::5054:ff:fe12:3456%eth0,100,Disabled,Disabled
2019-07-06 19:16:39,,,MOBILE/LTE,LTE,READY,IN_SERVICE,CONNECTED,1,0,1,0,NONE,CONNECTED,connected,epc.tmobile.com,,,,,,,Android,310,260,Android,310,260,1,,,,,4,-100,40,,,,,,91,,91,3,,,,,,eth0,10.0.2.15,fec0::5054:ff:fe12:3456;fe80::5054:ff:fe12:3456%eth0,100,Disabled,Disabled
2019-07-06 19:16:29,,,MOBILE/LTE,LTE,READY,IN_SERVICE,CONNECTED,1,0,1,0,NONE,CONNECTED,connected,epc.tmobile.com,,,,,,,Android,310,260,Android,310,260,1,,,,,4,-100,40,,,,,,91,,91,3,,,,,,eth0,10.0.2.15,fec0::5054:ff:fe12:3456;fe80::5054:ff:fe12:3456%eth0,100,Disabled,Disabled
2019-07-06 19:16:19,,,MOBILE/LTE,LTE,READY,IN_SERVICE,CONNECTED,1,0,1,0,NONE,CONNECTED,connected,epc.tmobile.com,,,,,,,Android,310,260,Android,310,260,1,,,,,4,-100,40,,,,,,91,,91,3,,,,,,eth0,10.0.2.15,fec0::5054:ff:fe12:3456;fe80::5054:ff:fe12:3456%eth0,100,Disabled,Disabled
2019-07-06 19:16:09,,,MOBILE/LTE,LTE,READY,IN_SERVICE,CONNECTED,1,0,1,0,NONE,CONNECTED,connected,epc.tmobile.com,,,,,,,Android,310,260,Android,310,260,1,,,,,4,-100,40,,,,,,91,,91,3,,,,,,eth0,10.0.2.15,fec0::5054:ff:fe12:3456;fe80::5054:ff:fe12:3456%eth0,100,Disabled,Disabled
2019-07-06 19:15:59,,,MOBILE/LTE,LTE,READY,IN_SERVICE,CONNECTED,1,0,1,0,NONE,CONNECTED,connected,epc.tmobile.com,,,,,,,Android,310,260,Android,310,260,1,,,,,4,-100,40,,,,,,91,,91,3,,,,,,eth0,10.0.2.15,fec0::5054:ff:fe12:3456;fe80::5054:ff:fe12:3456%eth0,100,Disabled,Disabled
2019-07-06 19:15:49,,,MOBILE/LTE,LTE,READY,IN_SERVICE,CONNECTED,1,0,1,0,NONE,CONNECTED,connected,epc.tmobile.com,,,,,,,Android,310,260,Android,310,260,1,,,,,4,-100,40,,,,,,91,,91,3,,,,,,eth0,10.0.2.15,fec0::5054:ff:fe12:3456;fe80::5054:ff:fe12:3456%eth0,100,Disabled,Disabled
2019-07-06 19:15:39,,,MOBILE/LTE,LTE,READY,IN_SERVICE,CONNECTED,1,0,1,0,NONE,CONNECTED,connected,epc.tmobile.com,,,,,,,Android,310,260,Android,310,260,1,,,,,4,-100,40,,,,,,91,,91,3,,,,,,eth0,10.0.2.15,fec0::5054:ff:fe12:3456;fe80::5054:ff:fe12:3456%eth0,100,Disabled,Disabled
2019-07-06 19:15:29,,,MOBILE/LTE,LTE,READY,IN_SERVICE,CONNECTED,1,0,1,0,NONE,CONNECTED,connected,epc.tmobile.com,,,,,,,Android,310,260,Android,310,260,1,,,,,4,-100,40,,,,,,91,,91,3,,,,,,eth0,10.0.2.15,fec0::5054:ff:fe12:3456;fe80::5054:ff:fe12:3456%eth0,100,Disabled,Disabled
2019-07-06 19:15:19,,,MOBILE/LTE,LTE,READY,IN_SERVICE,CONNECTED,1,0,1,0,NONE,CONNECTED,connected,epc.tmobile.com,,,,,,,Android,310,260,Android,310,260,1,,,,,4,-100,40,,,,,,91,,91,3,,,,,,eth0,10.0.2.15,fec0::5054:ff:fe12:3456;fe80::5054:ff:fe12:3456%eth0,100,Disabled,Disabled
2019-07-06 19:15:09,,,MOBILE/LTE,LTE,READY,IN_SERVICE,CONNECTED,1,0,1,0,NONE,CONNECTED,connected,epc.tmobile.com,,,,,,,Android,310,260,Android,310,260,1,,,,,4,-100,40,,,,,,91,,91,3,,,,,,eth0,10.0.2.15,fec0::5054:ff:fe12:3456;fe80::5054:ff:fe12:3456%eth0,100,Disabled,Disabled
2019-07-06 19:14:59,,,MOBILE/LTE,LTE,READY,IN_SERVICE,CONNECTED,1,0,1,0,NONE,CONNECTED,connected,epc.tmobile.com,,,,,,,Android,310,260,Android,310,260,1,,,,,4,-100,40,,,,,,91,,91,3,,,,,,eth0,10.0.2.15,fec0::5054:ff:fe12:3456;fe80::5054:ff:fe12:3456%eth0,100,Disabled,Disabled
2019-07-06 19:14:49,,,MOBILE/LTE,LTE,READY,IN_SERVICE,CONNECTED,1,0,1,0,NONE,CONNECTED,connected,epc.tmobile.com,,,,,,,Android,310,260,Android,310,260,1,,,,,4,-100,40,,,,,,91,,91,3,,,,,,eth0,10.0.2.15,fec0::5054:ff:fe12:3456;fe80::5054:ff:fe12:3456%eth0,100,Disabled,Disabled
2019-07-06 19:14:39,,,MOBILE/LTE,LTE,READY,IN_SERVICE,CONNECTED,1,0,1,0,NONE,CONNECTED,connected,epc.tmobile.com,,,,,,,Android,310,260,Android,310,260,1,,,,,4,-100,40,,,,,,91,,91,3,,,,,,eth0,10.0.2.15,fec0::5054:ff:fe12:3456;fe80::5054:ff:fe12:3456%eth0,100,Disabled,Disabled
2019-07-06 19:14:29,,,MOBILE/LTE,LTE,READY,IN_SERVICE,CONNECTED,1,0,1,0,NONE,CONNECTED,connected,epc.tmobile.com,,,,,,,Android,310,260,Android,310,260,1,,,,,4,-100,40,,,,,,91,,91,3,,,,,,eth0,10.0.2.15,fec0::5054:ff:fe12:3456;fe80::5054:ff:fe12:3456%eth0,100,Disabled,Disabled
2019-07-06 19:14:19,,,MOBILE/LTE,LTE,READY,IN_SERVICE,CONNECTED,1,0,1,0,NONE,CONNECTED,connected,epc.tmobile.com,,,,,,,Android,310,260,Android,310,260,1,,,,,4,-100,40,,,,,,91,,91,3,,,,,,eth0,10.0.2.15,fec0::5054:ff:fe12:3456;fe80::5054:ff:fe12:3456%eth0,100,Disabled,Disabled
2019-07-06 19:14:09,,,MOBILE/LTE,LTE,READY,IN_SERVICE,CONNECTED,1,0,1,0,NONE,CONNECTED,connected,epc.tmobile.com,,,,,,,Android,310,260,Android,310,260,1,,,,,4,-100,40,,,,,,91,,91,3,,,,,,eth0,10.0.2.15,fec0::5054:ff:fe12:3456;fe80::5054:ff:fe12:3456%eth0,100,Disabled,Disabled
2019-07-06 19:13:59,,,MOBILE/LTE,LTE,READY,IN_SERVICE,CONNECTED,1,0,1,0,NONE,CONNECTED,connected,epc.tmobile.com,,,,,,,Android,310,260,Android,310,260,1,,,,,4,-100,40,,,,,,91,,91,3,,,,,,eth0,10.0.2.15,fec0::5054:ff:fe12:3456;fe80::5054:ff:fe12:3456%eth0,100,Disabled,Disabled
2019-07-06 19:13:49,,,MOBILE/LTE,LTE,READY,IN_SERVICE,CONNECTED,1,0,1,0,NONE,CONNECTED,connected,epc.tmobile.com,,,,,,,Android,310,260,Android,310,260,1,,,,,4,-100,40,,,,,,91,,91,3,,,,,,eth0,10.0.2.15,fec0::5054:ff:fe12:3456;fe80::5054:ff:fe12:3456%eth0,100,Disabled,Disabled
2019-07-06 19:13:39,,,MOBILE/LTE,LTE,READY,IN_SERVICE,CONNECTED,1,0,1,0,NONE,CONNECTED,connected,epc.tmobile.com,,,,,,,Android,310,260,Android,310,260,1,,,,,4,-100,40,,,,,,91,,91,3,,,,,,eth0,10.0.2.15,fec0::5054:ff:fe12:3456;fe80::5054:ff:fe12:3456%eth0,100,Disabled,Disabled
2019-07-06 19:13:29,,,MOBILE/LTE,LTE,READY,IN_SERVICE,CONNECTED,1,0,1,0,NONE,CONNECTED,connected,epc.tmobile.com,,,,,,,Android,310,260,Android,310,260,1,,,,,4,-100,40,,,,,,91,,91,3,,,,,,eth0,10.0.2.15,fec0::5054:ff:fe12:3456;fe80::5054:ff:fe12:3456%eth0,100,Disabled,Disabled
2019-07-06 19:13:19,,,MOBILE/LTE,LTE,READY,IN_SERVICE,CONNECTED,1,0,1,0,NONE,CONNECTED,connected,epc.tmobile.com,,,,,,,Android,310,260,Android,310,260,1,,,,,4,-100,40,,,,,,91,,91,3,,,,,,eth0,10.0.2.15,fec0::5054:ff:fe12:3456;fe80::5054:ff:fe12:3456%eth0,100,Disabled,Disabled
2019-07-06 19:13:09,,,MOBILE/LTE,LTE,READY,IN_SERVICE,CONNECTED,1,0,1,0,NONE,CONNECTED,connected,epc.tmobile.com,,,,,,,Android,310,260,Android,310,260,1,,,,,4,-100,40,,,,,,91,,91,3,,,,,,eth0,10.0.2.15,fec0::5054:ff:fe12:3456;fe80::5054:ff:fe12:3456%eth0,100,Disabled,Disabled
2019-07-06 19:12:59,,,MOBILE/LTE,LTE,READY,IN_SERVICE,CONNECTED,1,0,1,0,NONE,CONNECTED,connected,epc.tmobile.com,,,,,,,Android,310,260,Android,310,260,1,,,,,4,-100,40,,,,,,91,,91,3,,,,,,eth0,10.0.2.15,fec0::5054:ff:fe12:3456;fe80::5054:ff:fe12:3456%eth0,100,Disabled,Disabled
2019-07-06 19:12:49,,,MOBILE/LTE,LTE,READY,IN_SERVICE,CONNECTED,1,0,1,0,NONE,CONNECTED,connected,epc.tmobile.com,,,,,,,Android,310,260,Android,310,260,1,,,,,4,-100,40,,,,,,91,,91,3,,,,,,eth0,10.0.2.15,fec0::5054:ff:fe12:3456;fe80::5054:ff:fe12:3456%eth0,100,Disabled,Disabled
2019-07-06 19:12:39,,,MOBILE/LTE,LTE,READY,IN_SERVICE,CONNECTED,1,0,1,0,NONE,CONNECTED,connected,epc.tmobile.com,,,,,,,Android,310,260,Android,310,260,1,,,,,4,-100,40,,,,,,91,,91,3,,,,,,eth0,10.0.2.15,fec0::5054:ff:fe12:3456;fe80::5054:ff:fe12:3456%eth0,100,Disabled,Disabled
2019-07-06 19:12:29,,,MOBILE/LTE,LTE,READY,IN_SERVICE,CONNECTED,1,0,1,0,NONE,CONNECTED,connected,epc.tmobile.com,,,,,,,Android,310,260,Android,310,260,1,,,,,4,-100,40,,,,,,91,,91,3,,,,,,eth0,10.0.2.15,fec0::5054:ff:fe12:3456;fe80::5054:ff:fe12:3456%eth0,100,Disabled,Disabled
2019-07-06 19:12:19,,,MOBILE/LTE,LTE,READY,IN_SERVICE,CONNECTED,1,0,1,0,NONE,CONNECTED,connected,epc.tmobile.com,,,,,,,Android,310,260,Android,310,260,1,,,,,4,-100,40,,,,,,91,,91,3,,,,,,eth0,10.0.2.15,fec0::5054:ff:fe12:3456;fe80::5054:ff:fe12:3456%eth0,100,Disabled,Disabled
2019-07-06 19:12:09,,,MOBILE/LTE,LTE,READY,IN_SERVICE,CONNECTED,1,0,1,0,NONE,CONNECTED,connected,epc.tmobile.com,,,,,,,Android,310,260,Android,310,260,1,,,,,4,-100,40,,,,,,91,,91,3,,,,,,eth0,10.0.2.15,fec0::5054:ff:fe12:3456;fe80::5054:ff:fe12:3456%eth0,100,Disabled,Disabled
2019-07-06 19:11:59,,,MOBILE/LTE,LTE,READY,IN_SERVICE,CONNECTED,1,0,1,0,NONE,CONNECTED,connected,epc.tmobile.com,,,,,,,Android,310,260,Android,310,260,1,,,,,4,-100,40,,,,,,91,,91,3,,,,,,eth0,10.0.2.15,fec0::5054:ff:fe12:3456;fe80::5054:ff:fe12:3456%eth0,100,Disabled,Disabled
2019-07-06 19:11:49,,,MOBILE/LTE,LTE,READY,IN_SERVICE,CONNECTED,1,0,1,0,NONE,CONNECTED,connected,epc.tmobile.com,,,,,,,Android,310,260,Android,310,260,1,,,,,4,-100,40,,,,,,91,,91,3,,,,,,eth0,10.0.2.15,fec0::5054:ff:fe12:3456;fe80::5054:ff:fe12:3456%eth0,100,Disabled,Disabled
2019-07-06 19:11:39,,,MOBILE/LTE,LTE,READY,IN_SERVICE,CONNECTED,1,0,1,0,NONE,CONNECTED,connected,epc.tmobile.com,,,,,,,Android,310,260,Android,310,260,1,,,,,4,-100,40,,,,,,91,,91,3,,,,,,eth0,10.0.2.15,fec0::5054:ff:fe12:3456;fe80::5054:ff:fe12:3456%eth0,100,Disabled,Disabled
2019-07-06 19:11:29,,,MOBILE/LTE,LTE,READY,IN_SERVICE,CONNECTED,1,0,1,0,NONE,CONNECTED,connected,epc.tmobile.com,,,,,,,Android,310,260,Android,310,260,1,,,,,4,-100,40,,,,,,91,,91,3,,,,,,eth0,10.0.2.15,fec0::5054:ff:fe12:3456;fe80::5054:ff:fe12:3456%eth0,100,Disabled,Disabled
2019-07-06 19:11:19,,,MOBILE/LTE,LTE,READY,IN_SERVICE,CONNECTED,1,0,1,0,NONE,CONNECTED,connected,epc.tmobile.com,,,,,,,Android,310,260,Android,310,260,1,,,,,4,-100,40,,,,,,91,,91,3,,,,,,eth0,10.0.2.15,fec0::5054:ff:fe12:3456;fe80::5054:ff:fe12:3456%eth0,100,Disabled,Disabled
2019-07-06 19:11:09,,,MOBILE/LTE,LTE,READY,IN_SERVICE,CONNECTED,1,0,1,0,NONE,CONNECTED,connected,epc.tmobile.com,,,,,,,Android,310,260,Android,310,260,1,,,,,4,-100,40,,,,,,91,,91,3,,,,,,eth0,10.0.2.15,fec0::5054:ff:fe12:3456;fe80::5054:ff:fe12:3456%eth0,100,Disabled,Disabled
2019-07-06 19:10:59,,,MOBILE/LTE,LTE,READY,IN_SERVICE,CONNECTED,1,0,1,0,NONE,CONNECTED,connected,epc.tmobile.com,,,,,,,Android,310,260,Android,310,260,1,,,,,4,-100,40,,,,,,91,,91,3,,,,,,eth0,10.0.2.15,fec0::5054:ff:fe12:3456;fe80::5054:ff:fe12:3456%eth0,100,Disabled,Disabled
2019-07-06 19:10:49,,,MOBILE/LTE,LTE,READY,IN_SERVICE,CONNECTED,1,0,1,0,NONE,CONNECTED,connected,epc.tmobile.com,,,,,,,Android,310,260,Android,310,260,1,,,,,4,-100,40,,,,,,91,,91,3,,,,,,eth0,10.0.2.15,fec0::5054:ff:fe12:3456;fe80::5054:ff:fe12:3456%eth0,100,Disabled,Disabled
2019-07-06 19:10:39,,,MOBILE/LTE,LTE,READY,IN_SERVICE,CONNECTED,1,0,1,0,NONE,CONNECTED,connected,epc.tmobile.com,,,,,,,Android,310,260,Android,310,260,1,,,,,4,-100,40,,,,,,91,,91,3,,,,,,eth0,10.0.2.15,fec0::5054:ff:fe12:3456;fe80::5054:ff:fe12:3456%eth0,100,Disabled,Disabled
2019-07-06 19:10:29,,,MOBILE/LTE,LTE,READY,IN_SERVICE,CONNECTED,1,0,1,0,NONE,CONNECTED,connected,epc.tmobile.com,,,,,,,Android,310,260,Android,310,260,1,,,,,4,-100,40,,,,,,91,,91,3,,,,,,eth0,10.0.2.15,fec0::5054:ff:fe12:3456;fe80::5054:ff:fe12:3456%eth0,100,Disabled,Disabled
2019-07-06 19:10:19,,,MOBILE/LTE,LTE,READY,IN_SERVICE,CONNECTED,1,0,1,0,NONE,CONNECTED,connected,epc.tmobile.com,,,,,,,Android,310,260,Android,310,260,1,,,,,4,-100,40,,,,,,91,,91,3,,,,,,eth0,10.0.2.15,fec0::5054:ff:fe12:3456;fe80::5054:ff:fe12:3456%eth0,100,Disabled,Disabled
2019-07-06 19:10:09,,,MOBILE/LTE,LTE,READY,IN_SERVICE,CONNECTED,1,0,1,0,INOUT,CONNECTED,connected,epc.tmobile.com,,,,,,,Android,310,260,Android,310,260,1,,,,,4,-100,40,,,,,,91,,91,3,,,,,,eth0,10.0.2.15,fec0::5054:ff:fe12:3456;fe80::5054:ff:fe12:3456%eth0,100,Disabled,Disabled
2019-07-06 19:09:59,,,MOBILE/LTE,LTE,READY,IN_SERVICE,CONNECTED,1,0,1,0,NONE,CONNECTED,connected,epc.tmobile.com,,,,,,,Android,310,260,Android,310,260,1,,,,,4,-100,40,,,,,,91,,91,3,,,,,,eth0,10.0.2.15,fec0::5054:ff:fe12:3456;fe80::5054:ff:fe12:3456%eth0,100,Disabled,Disabled
2019-07-06 19:09:49,,,MOBILE/LTE,LTE,READY,IN_SERVICE,CONNECTED,1,0,1,0,NONE,CONNECTED,connected,epc.tmobile.com,,,,,,,Android,310,260,Android,310,260,1,,,,,4,-100,40,,,,,,91,,91,3,,,,,,eth0,10.0.2.15,fec0::5054:ff:fe12:3456;fe80::5054:ff:fe12:3456%eth0,100,Disabled,Disabled
2019-07-06 19:09:39,,,MOBILE/LTE,LTE,READY,IN_SERVICE,CONNECTED,1,0,1,0,NONE,CONNECTED,connected,epc.tmobile.com,,,,,,,Android,310,260,Android,310,260,1,,,,,4,-100,40,,,,,,91,,91,3,,,,,,eth0,10.0.2.15,fec0::5054:ff:fe12:3456;fe80::5054:ff:fe12:3456%eth0,100,Disabled,Disabled
2019-07-06 19:09:29,,,MOBILE/LTE,LTE,READY,IN_SERVICE,CONNECTED,1,0,1,0,NONE,CONNECTED,connected,epc.tmobile.com,,,,,,,Android,310,260,Android,310,260,1,,,,,4,-100,40,,,,,,91,,91,3,,,,,,eth0,10.0.2.15,fec0::5054:ff:fe12:3456;fe80::5054:ff:fe12:3456%eth0,100,Disabled,Disabled
2019-07-06 19:09:19,,,MOBILE/LTE,LTE,READY,IN_SERVICE,CONNECTED,1,0,1,0,NONE,CONNECTED,connected,epc.tmobile.com,,,,,,,Android,310,260,Android,310,260,1,,,,,4,-100,40,,,,,,91,,91,3,,,,,,eth0,10.0.2.15,fec0::5054:ff:fe12:3456;fe80::5054:ff:fe12:3456%eth0,100,Disabled,Disabled
2019-07-06 19:09:09,,,MOBILE/LTE,LTE,READY,IN_SERVICE,CONNECTED,1,0,1,0,NONE,CONNECTED,connected,epc.tmobile.com,,,,,,,Android,310,260,Android,310,260,1,,,,,4,-100,40,,,,,,91,,91,3,,,,,,eth0,10.0.2.15,fec0::5054:ff:fe12:3456;fe80::5054:ff:fe12:3456%eth0,100,Disabled,Disabled
2019-07-06 19:08:59,,,MOBILE/LTE,LTE,READY,IN_SERVICE,CONNECTED,1,0,1,0,NONE,CONNECTED,connected,epc.tmobile.com,,,,,,,Android,310,260,Android,310,260,1,,,,,4,-100,40,,,,,,91,,91,3,,,,,,eth0,10.0.2.15,fec0::5054:ff:fe12:3456;fe80::5054:ff:fe12:3456%eth0,100,Disabled,Disabled
2019-07-06 19:08:49,,,MOBILE/LTE,LTE,READY,IN_SERVICE,CONNECTED,1,0,1,0,NONE,CONNECTED,connected,epc.tmobile.com,,,,,,,Android,310,260,Android,310,260,1,,,,,4,-100,40,,,,,,91,,91,3,,,,,,eth0,10.0.2.15,fec0::5054:ff:fe12:3456;fe80::5054:ff:fe12:3456%eth0,100,Disabled,Disabled
2019-07-06 19:08:39,,,MOBILE/LTE,LTE,READY,IN_SERVICE,CONNECTED,1,0,1,0,NONE,CONNECTED,connected,epc.tmobile.com,,,,,,,Android,310,260,Android,310,260,1,,,,,4,-100,40,,,,,,91,,91,3,,,,,,eth0,10.0.2.15,fec0::5054:ff:fe12:3456;fe80::5054:ff:fe12:3456%eth0,100,Disabled,Disabled
2019-07-06 19:08:29,,,MOBILE/LTE,LTE,READY,IN_SERVICE,CONNECTED,1,0,1,0,INOUT,CONNECTED,connected,epc.tmobile.com,,,,,,,Android,310,260,Android,310,260,1,,,,,4,-100,40,,,,,,91,,91,3,,,,,,eth0,10.0.2.15,fec0::5054:ff:fe12:3456;fe80::5054:ff:fe12:3456%eth0,100,Disabled,Disabled
2019-07-06 19:08:19,,,MOBILE/LTE,LTE,READY,IN_SERVICE,CONNECTED,1,0,1,0,NONE,CONNECTED,connected,epc.tmobile.com,,,,,,,Android,310,260,Android,310,260,1,,,,,4,-100,40,,,,,,91,,91,3,,,,,,eth0,10.0.2.15,fec0::5054:ff:fe12:3456;fe80::5054:ff:fe12:3456%eth0,100,Disabled,Disabled
2019-07-06 19:08:09,,,MOBILE/LTE,LTE,READY,IN_SERVICE,CONNECTED,1,0,1,0,NONE,CONNECTED,connected,epc.tmobile.com,,,,,,,Android,310,260,Android,310,260,1,,,,,4,-100,40,,,,,,91,,91,3,,,,,,eth0,10.0.2.15,fec0::5054:ff:fe12:3456;fe80::5054:ff:fe12:3456%eth0,100,Disabled,Disabled
2019-07-06 19:07:59,,,MOBILE/LTE,LTE,READY,IN_SERVICE,CONNECTED,1,0,1,0,NONE,CONNECTED,connected,epc.tmobile.com,,,,,,,Android,310,260,Android,310,260,1,,,,,4,-100,40,,,,,,91,,91,3,,,,,,eth0,10.0.2.15,fec0::5054:ff:fe12:3456;fe80::5054:ff:fe12:3456%eth0,100,Disabled,Disabled
2019-07-06 19:07:49,,,MOBILE/LTE,LTE,READY,IN_SERVICE,CONNECTED,1,0,1,0,NONE,CONNECTED,connected,epc.tmobile.com,,,,,,,Android,310,260,Android,310,260,1,,,,,4,-100,40,,,,,,91,,91,3,,,,,,eth0,10.0.2.15,fec0::5054:ff:fe12:3456;fe80::5054:ff:fe12:3456%eth0,100,Disabled,Disabled
2019-07-06 19:07:39,,,MOBILE/LTE,LTE,READY,IN_SERVICE,CONNECTED,1,0,1,0,NONE,CONNECTED,connected,epc.tmobile.com,,,,,,,Android,310,260,Android,310,260,1,,,,,4,-100,40,,,,,,91,,91,3,,,,,,eth0,10.0.2.15,fec0::5054:ff:fe12:3456;fe80::5054:ff:fe12:3456%eth0,100,Disabled,Disabled
2019-07-06 19:07:29,,,MOBILE/LTE,LTE,READY,IN_SERVICE,CONNECTED,1,0,1,0,INOUT,CONNECTED,connected,epc.tmobile.com,,,,,,,Android,310,260,Android,310,260,1,,,,,4,-100,40,,,,,,91,,91,3,,,,,,eth0,10.0.2.15,fec0::5054:ff:fe12:3456;fe80::5054:ff:fe12:3456%eth0,100,Disabled,Disabled
2019-07-06 19:07:19,,,MOBILE/LTE,LTE,READY,IN_SERVICE,CONNECTED,1,0,1,0,NONE,CONNECTED,connected,epc.tmobile.com,,,,,,,Android,310,260,Android,310,260,1,,,,,4,-100,40,,,,,,91,,91,3,,,,,,eth0,10.0.2.15,fec0::5054:ff:fe12:3456;fe80::5054:ff:fe12:3456%eth0,100,Disabled,Disabled
2019-07-06 19:07:09,,,MOBILE/LTE,LTE,READY,IN_SERVICE,CONNECTED,1,0,1,0,NONE,CONNECTED,connected,epc.tmobile.com,,,,,,,Android,310,260,Android,310,260,1,,,,,4,-100,40,,,,,,91,,91,3,,,,,,eth0,10.0.2.15,fec0::5054:ff:fe12:3456;fe80::5054:ff:fe12:3456%eth0,100,Disabled,Disabled
2019-07-06 19:06:59,,,MOBILE/LTE,LTE,READY,IN_SERVICE,CONNECTED,1,0,1,0,NONE,CONNECTED,connected,epc.tmobile.com,,,,,,,Android,310,260,Android,310,260,1,,,,,4,-100,40,,,,,,91,,91,3,,,,,,eth0,10.0.2.15,fec0::5054:ff:fe12:3456;fe80::5054:ff:fe12:3456%eth0,100,Disabled,Disabled
2019-07-06 19:06:49,,,MOBILE/LTE,LTE,READY,IN_SERVICE,CONNECTED,1,0,1,0,NONE,CONNECTED,connected,epc.tmobile.com,,,,,,,Android,310,260,Android,310,260,1,,,,,4,-100,40,,,,,,91,,91,3,,,,,,eth0,10.0.2.15,fec0::5054:ff:fe12:3456;fe80::5054:ff:fe12:3456%eth0,100,Disabled,Disabled
2019-07-06 19:06:39,,,MOBILE/LTE,LTE,READY,IN_SERVICE,CONNECTED,1,0,1,0,NONE,CONNECTED,connected,epc.tmobile.com,,,,,,,Android,310,260,Android,310,260,1,,,,,4,-100,40,,,,,,91,,91,3,,,,,,eth0,10.0.2.15,fec0::5054:ff:fe12:3456;fe80::5054:ff:fe12:3456%eth0,100,Disabled,Disabled
2019-07-06 19:06:29,,,MOBILE/LTE,LTE,READY,IN_SERVICE,CONNECTED,1,0,1,0,NONE,CONNECTED,connected,epc.tmobile.com,,,,,,,Android,310,260,Android,310,260,1,,,,,4,-100,40,,,,,,91,,91,3,,,,,,eth0,10.0.2.15,fec0::5054:ff:fe12:3456;fe80::5054:ff:fe12:3456%eth0,100,Disabled,Disabled
2019-07-06 19:06:19,,,MOBILE/LTE,LTE,READY,IN_SERVICE,CONNECTED,1,0,1,0,NONE,CONNECTED,connected,epc.tmobile.com,,,,,,,Android,310,260,Android,310,260,1,,,,,4,-100,40,,,,,,91,,91,3,,,,,,eth0,10.0.2.15,fec0::5054:ff:fe12:3456;fe80::5054:ff:fe12:3456%eth0,100,Disabled,Disabled
2019-07-06 19:06:09,,,MOBILE/LTE,LTE,READY,IN_SERVICE,CONNECTED,1,0,1,0,NONE,CONNECTED,connected,epc.tmobile.com,,,,,,,Android,310,260,Android,310,260,1,,,,,4,-100,40,,,,,,91,,91,3,,,,,,eth0,10.0.2.15,fec0::5054:ff:fe12:3456;fe80::5054:ff:fe12:3456%eth0,100,Disabled,Disabled
2019-07-06 19:05:59,,,MOBILE/LTE,LTE,READY,IN_SERVICE,CONNECTED,1,0,1,0,NONE,CONNECTED,connected,epc.tmobile.com,,,,,,,Android,310,260,Android,310,260,1,,,,,4,-100,40,,,,,,91,,91,3,,,,,,eth0,10.0.2.15,fec0::5054:ff:fe12:3456;fe80::5054:ff:fe12:3456%eth0,100,Disabled,Disabled
2019-07-06 19:05:49,,,MOBILE/LTE,LTE,READY,IN_SERVICE,CONNECTED,1,0,1,0,NONE,CONNECTED,connected,epc.tmobile.com,,,,,,,Android,310,260,Android,310,260,1,,,,,4,-100,40,,,,,,91,,91,3,,,,,,eth0,10.0.2.15,fec0::5054:ff:fe12:3456;fe80::5054:ff:fe12:3456%eth0,100,Disabled,Disabled
2019-07-06 19:05:39,,,MOBILE/LTE,LTE,READY,IN_SERVICE,CONNECTED,1,0,1,0,NONE,CONNECTED,connected,epc.tmobile.com,,,,,,,Android,310,260,Android,310,260,1,,,,,4,-100,40,,,,,,91,,91,3,,,,,,eth0,10.0.2.15,fec0::5054:ff:fe12:3456;fe80::5054:ff:fe12:3456%eth0,100,Disabled,Disabled
2019-07-06 19:05:29,,,MOBILE/LTE,LTE,READY,IN_SERVICE,CONNECTED,1,0,1,0,NONE,CONNECTED,connected,epc.tmobile.com,,,,,,,Android,310,260,Android,310,260,1,,,,,4,-100,40,,,,,,91,,91,3,,,,,,eth0,10.0.2.15,fec0::5054:ff:fe12:3456;fe80::5054:ff:fe12:3456%eth0,100,Disabled,Disabled
2019-07-06 19:05:19,,,MOBILE/LTE,LTE,READY,IN_SERVICE,CONNECTED,1,0,1,0,INOUT,CONNECTED,connected,epc.tmobile.com,,,,,,,Android,310,260,Android,310,260,1,,,,,4,-100,40,,,,,,91,,91,3,,,,,,eth0,10.0.2.15,fec0::5054:ff:fe12:3456;fe80::5054:ff:fe12:3456%eth0,100,Disabled,Disabled
2019-07-06 19:05:09,,,MOBILE/LTE,LTE,READY,IN_SERVICE,CONNECTED,1,0,1,0,INOUT,CONNECTED,connected,epc.tmobile.com,,,,,,,Android,310,260,Android,310,260,1,,,,,4,-100,40,,,,,,91,,91,3,,,,,,eth0,10.0.2.15,fec0::5054:ff:fe12:3456;fe80::5054:ff:fe12:3456%eth0,100,Disabled,Disabled
2019-07-06 19:04:59,,,MOBILE/LTE,LTE,READY,IN_SERVICE,CONNECTED,1,0,1,0,NONE,CONNECTED,connected,epc.tmobile.com,,,,,,,Android,310,260,Android,310,260,1,,,,,4,-100,40,,,,,,91,,91,3,,,,,,eth0,10.0.2.15,fec0::5054:ff:fe12:3456;fe80::5054:ff:fe12:3456%eth0,100,Disabled,Disabled
2019-07-06 19:04:49,,,MOBILE/LTE,LTE,READY,IN_SERVICE,CONNECTED,1,0,1,0,NONE,CONNECTED,connected,epc.tmobile.com,,,,,,,Android,310,260,Android,310,260,1,,,,,4,-100,40,,,,,,91,,91,3,,,,,,eth0,10.0.2.15,fec0::5054:ff:fe12:3456;fe80::5054:ff:fe12:3456%eth0,100,Disabled,Disabled
2019-07-06 19:04:39,,,MOBILE/LTE,LTE,READY,IN_SERVICE,CONNECTED,1,0,1,0,NONE,CONNECTED,connected,epc.tmobile.com,,,,,,,Android,310,260,Android,310,260,1,,,,,4,-100,40,,,,,,91,,91,3,,,,,,eth0,10.0.2.15,fec0::5054:ff:fe12:3456;fe80::5054:ff:fe12:3456%eth0,100,Disabled,Disabled
2019-07-06 19:04:29,,,MOBILE/LTE,LTE,READY,IN_SERVICE,CONNECTED,1,0,1,0,INOUT,CONNECTED,connected,epc.tmobile.com,,,,,,,Android,310,260,Android,310,260,1,,,,,4,-100,40,,,,,,91,,91,3,,,,,,eth0,10.0.2.15,fec0::5054:ff:fe12:3456;fe80::5054:ff:fe12:3456%eth0,100,Disabled,Disabled
2019-07-06 19:04:19,,,MOBILE/LTE,LTE,READY,IN_SERVICE,CONNECTED,1,0,1,0,NONE,CONNECTED,connected,epc.tmobile.com,,,,,,,Android,310,260,Android,310,260,1,,,,,4,-100,40,,,,,,91,,91,3,,,,,,eth0,10.0.2.15,fec0::5054:ff:fe12:3456;fe80::5054:ff:fe12:3456%eth0,100,Disabled,Disabled
2019-07-06 19:04:09,,,MOBILE/LTE,LTE,READY,IN_SERVICE,CONNECTED,1,0,1,0,NONE,CONNECTED,connected,epc.tmobile.com,,,,,,,Android,310,260,Android,310,260,1,,,,,4,-100,40,,,,,,91,,91,3,,,,,,eth0,10.0.2.15,fec0::5054:ff:fe12:3456;fe80::5054:ff:fe12:3456%eth0,100,Disabled,Disabled
2019-07-06 19:03:59,,,MOBILE/LTE,LTE,READY,IN_SERVICE,CONNECTED,1,0,1,0,NONE,CONNECTED,connected,epc.tmobile.com,,,,,,,Android,310,260,Android,310,260,1,,,,,4,-100,40,,,,,,91,,91,3,,,,,,eth0,10.0.2.15,fec0::5054:ff:fe12:3456;fe80::5054:ff:fe12:3456%eth0,100,Disabled,Disabled
2019-07-06 19:03:49,,,MOBILE/LTE,LTE,READY,IN_SERVICE,CONNECTED,1,0,1,0,NONE,CONNECTED,connected,epc.tmobile.com,,,,,,,Android,310,260,Android,310,260,1,,,,,4,-100,40,,,,,,91,,91,3,,,,,,eth0,10.0.2.15,fec0::5054:ff:fe12:3456;fe80::5054:ff:fe12:3456%eth0,100,Disabled,Disabled
2019-07-06 19:03:39,,,MOBILE/LTE,LTE,READY,IN_SERVICE,CONNECTED,1,0,1,0,NONE,CONNECTED,connected,epc.tmobile.com,,,,,,,Android,310,260,Android,310,260,1,,,,,4,-100,40,,,,,,91,,91,3,,,,,,eth0,10.0.2.15,fec0::5054:ff:fe12:3456;fe80::5054:ff:fe12:3456%eth0,100,Disabled,Disabled
2019-07-06 19:03:29,,,MOBILE/LTE,LTE,READY,IN_SERVICE,CONNECTED,1,0,1,0,INOUT,CONNECTED,connected,epc.tmobile.com,,,,,,,Android,310,260,Android,310,260,1,,,,,4,-100,40,,,,,,91,,91,3,,,,,,eth0,10.0.2.15,fec0::5054:ff:fe12:3456;fe80::5054:ff:fe12:3456%eth0,100,Disabled,Disabled
2019-07-06 19:03:19,,,MOBILE/LTE,LTE,READY,IN_SERVICE,CONNECTED,1,0,1,0,NONE,CONNECTED,connected,epc.tmobile.com,,,,,,,Android,310,260,Android,310,260,1,,,,,4,-100,40,,,,,,91,,91,3,,,,,,eth0,10.0.2.15,fec0::5054:ff:fe12:3456;fe80::5054:ff:fe12:3456%eth0,100,Disabled,Disabled
2019-07-06 19:03:09,,,MOBILE/LTE,LTE,READY,IN_SERVICE,CONNECTED,1,0,1,0,NONE,CONNECTED,connected,epc.tmobile.com,,,,,,,Android,310,260,Android,310,260,1,,,,,4,-100,40,,,,,,91,,91,3,,,,,,eth0,10.0.2.15,fec0::5054:ff:fe12:3456;fe80::5054:ff:fe12:3456%eth0,100,Disabled,Disabled
2019-07-06 19:02:59,,,MOBILE/LTE,LTE,READY,IN_SERVICE,CONNECTED,1,0,1,0,NONE,CONNECTED,connected,epc.tmobile.com,,,,,,,Android,310,260,Android,310,260,1,,,,,4,-100,40,,,,,,91,,91,3,,,,,,eth0,10.0.2.15,fec0::5054:ff:fe12:3456;fe80::5054:ff:fe12:3456%eth0,100,Disabled,Disabled
2019-07-06 19:02:49,,,MOBILE/LTE,LTE,READY,IN_SERVICE,CONNECTED,1,0,1,0,NONE,CONNECTED,connected,epc.tmobile.com,,,,,,,Android,310,260,Android,310,260,1,,,,,4,-100,40,,,,,,91,,91,3,,,,,,eth0,10.0.2.15,fec0::5054:ff:fe12:3456;fe80::5054:ff:fe12:3456%eth0,100,Disabled,Disabled
2019-07-06 19:02:39,,,MOBILE/LTE,LTE,READY,IN_SERVICE,CONNECTED,1,0,1,0,NONE,CONNECTED,connected,epc.tmobile.com,,,,,,,Android,310,260,Android,310,260,1,,,,,4,-100,40,,,,,,91,,91,3,,,,,,eth0,10.0.2.15,fec0::5054:ff:fe12:3456;fe80::5054:ff:fe12:3456%eth0,100,Disabled,Disabled
2019-07-06 19:02:29,,,MOBILE/LTE,LTE,READY,IN_SERVICE,CONNECTED,1,0,1,0,NONE,CONNECTED,connected,epc.tmobile.com,,,,,,,Android,310,260,Android,310,260,1,,,,,4,-100,40,,,,,,91,,91,3,,,,,,eth0,10.0.2.15,fec0::5054:ff:fe12:3456;fe80::5054:ff:fe12:3456%eth0,100,Disabled,Disabled
2019-07-06 19:02:19,,,MOBILE/LTE,LTE,READY,IN_SERVICE,CONNECTED,1,0,1,0,NONE,CONNECTED,connected,epc.tmobile.com,,,,,,,Android,310,260,Android,310,260,1,,,,,4,-100,40,,,,,,91,,91,3,,,,,,eth0,10.0.2.15,fec0::5054:ff:fe12:3456;fe80::5054:ff:fe12:3456%eth0,100,Disabled,Disabled
2019-07-06 19:02:09,,,MOBILE/LTE,LTE,READY,IN_SERVICE,CONNECTED,1,0,1,0,NONE,CONNECTED,connected,epc.tmobile.com,,,,,,,Android,310,260,Android,310,260,1,,,,,4,-100,40,,,,,,91,,91,3,,,,,,eth0,10.0.2.15,fec0::5054:ff:fe12:3456;fe80::5054:ff:fe12:3456%eth0,100,Disabled,Disabled
2019-07-06 19:01:59,,,MOBILE/LTE,LTE,READY,IN_SERVICE,CONNECTED,1,0,1,0,NONE,CONNECTED,connected,epc.tmobile.com,,,,,,,Android,310,260,Android,310,260,1,,,,,4,-100,40,,,,,,91,,91,3,,,,,,eth0,10.0.2.15,fec0::5054:ff:fe12:3456;fe80::5054:ff:fe12:3456%eth0,100,Disabled,Disabled
2019-07-06 19:01:49,,,MOBILE/LTE,LTE,READY,IN_SERVICE,CONNECTED,1,0,1,0,NONE,CONNECTED,connected,epc.tmobile.com,,,,,,,Android,310,260,Android,310,260,1,,,,,4,-100,40,,,,,,91,,91,3,,,,,,eth0,10.0.2.15,fec0::5054:ff:fe12:3456;fe80::5054:ff:fe12:3456%eth0,100,Disabled,Disabled
2019-07-06 19:01:39,,,MOBILE/LTE,LTE,READY,IN_SERVICE,CONNECTED,1,0,1,0,NONE,CONNECTED,connected,epc.tmobile.com,,,,,,,Android,310,260,Android,310,260,1,,,,,4,-100,40,,,,,,91,,91,3,,,,,,eth0,10.0.2.15,fec0::5054:ff:fe12:3456;fe80::5054:ff:fe12:3456%eth0,100,Disabled,Disabled
2019-07-06 19:01:29,,,MOBILE/LTE,LTE,READY,IN_SERVICE,CONNECTED,1,0,1,0,NONE,CONNECTED,connected,epc.tmobile.com,,,,,,,Android,310,260,Android,310,260,1,,,,,4,-100,40,,,,,,91,,91,3,,,,,,eth0,10.0.2.15,fec0::5054:ff:fe12:3456;fe80::5054:ff:fe12:3456%eth0,100,Disabled,Disabled
2019-07-06 19:01:19,,,MOBILE/LTE,LTE,READY,IN_SERVICE,CONNECTED,1,0,1,0,INOUT,CONNECTED,connected,epc.tmobile.com,,,,,,,Android,310,260,Android,310,260,1,,,,,4,-100,40,,,,,,91,,91,3,,,,,,eth0,10.0.2.15,fec0::5054:ff:fe12:3456;fe80::5054:ff:fe12:3456%eth0,100,Disabled,Disabled
2019-07-06 19:01:09,,,MOBILE/LTE,LTE,READY,IN_SERVICE,CONNECTED,1,0,1,0,NONE,CONNECTED,connected,epc.tmobile.com,,,,,,,Android,310,260,Android,310,260,1,,,,,4,-100,40,,,,,,91,,91,3,,,,,,eth0,10.0.2.15,fec0::5054:ff:fe12:3456;fe80::5054:ff:fe12:3456%eth0,100,Disabled,Disabled
2019-07-06 19:00:59,,,MOBILE/LTE,LTE,READY,IN_SERVICE,CONNECTED,1,0,1,0,NONE,CONNECTED,connected,epc.tmobile.com,,,,,,,Android,310,260,Android,310,260,1,,,,,4,-100,40,,,,,,91,,91,3,,,,,,eth0,10.0.2.15,fec0::5054:ff:fe12:3456;fe80::5054:ff:fe12:3456%eth0,100,Disabled,Disabled
2019-07-06 19:00:49,,,MOBILE/LTE,LTE,READY,IN_SERVICE,CONNECTED,1,0,1,0,INOUT,CONNECTED,connected,epc.tmobile.com,,,,,,,Android,310,260,Android,310,260,1,,,,,4,-100,40,,,,,,91,,91,3,,,,,,eth0,10.0.2.15,fec0::5054:ff:fe12:3456;fe80::5054:ff:fe12:3456%eth0,100,Disabled,Disabled
2019-07-06 19:00:39,,,MOBILE/LTE,LTE,READY,IN_SERVICE,CONNECTED,1,0,1,0,INOUT,CONNECTED,connected,epc.tmobile.com,,,,,,,Android,310,260,Android,310,260,1,,,,,4,-100,40,,,,,,91,,91,3,,,,,,eth0,10.0.2.15,fec0::5054:ff:fe12:3456;fe80::5054:ff:fe12:3456%eth0,100,Disabled,Disabled
2019-07-06 19:00:29,,,MOBILE/LTE,LTE,READY,IN_SERVICE,CONNECTED,1,0,1,0,INOUT,CONNECTED,connected,epc.tmobile.com,,,,,,,Android,310,260,Android,310,260,1,,,,,4,-100,40,,,,,,91,,91,3,,,,,,eth0,10.0.2.15,fec0::5054:ff:fe12:3456;fe80::5054:ff:fe12:3456%eth0,100,Disabled,Disabled
2019-07-06 19:00:19,,,MOBILE/LTE,LTE,READY,IN_SERVICE,CONNECTED,1,0,1,0,INOUT,CONNECTED,connected,epc.tmobile.com,,,,,,,Android,310,260,Android,310,260,1,,,,,4,-100,40,,,,,,91,,91,3,,,,,,eth0,10.0.2.15,fec0::5054:ff:fe12:3456;fe80::5054:ff:fe12:3456%eth0,100,Disabled,Disabled
2019-07-06 19:00:09,,,MOBILE/LTE,LTE,READY,IN_SERVICE,CONNECTED,1,0,1,0,INOUT,CONNECTED,connected,epc.tmobile.com,,,,,,,Android,310,260,Android,310,260,1,,,,,4,-100,40,,,,,,91,,91,3,,,,,,eth0,10.0.2.15,fec0::5054:ff:fe12:3456;fe80::5054:ff:fe12:3456%eth0,100,Disabled,Disabled
2019-07-06 18:59:59,,,MOBILE/LTE,LTE,READY,IN_SERVICE,CONNECTED,1,0,1,0,NONE,CONNECTED,connected,epc.tmobile.com,,,,,,,Android,310,260,Android,310,260,1,,,,,4,-100,40,,,,,,91,,91,3,,,,,,eth0,10.0.2.15,fec0::5054:ff:fe12:3456;fe80::5054:ff:fe12:3456%eth0,100,Disabled,Disabled
2019-07-06 18:59:49,,,MOBILE/LTE,LTE,READY,IN_SERVICE,CONNECTED,1,0,1,0,NONE,CONNECTED,connected,epc.tmobile.com,,,,,,,Android,310,260,Android,310,260,1,,,,,4,-100,40,,,,,,91,,91,3,,,,,,eth0,10.0.2.15,fec0::5054:ff:fe12:3456;fe80::5054:ff:fe12:3456%eth0,100,Disabled,Disabled
2019-07-06 18:59:39,,,MOBILE/LTE,LTE,READY,IN_SERVICE,CONNECTED,1,0,1,0,NONE,CONNECTED,connected,epc.tmobile.com,,,,,,,Android,310,260,Android,310,260,1,,,,,4,-100,40,,,,,,91,,91,3,,,,,,eth0,10.0.2.15,fec0::5054:ff:fe12:3456;fe80::5054:ff:fe12:3456%eth0,100,Disabled,Disabled
2019-07-06 18:59:29,,,MOBILE/LTE,LTE,READY,IN_SERVICE,CONNECTED,1,0,1,0,NONE,CONNECTED,connected,epc.tmobile.com,,,,,,,Android,310,260,Android,310,260,1,,,,,4,-100,40,,,,,,91,,91,3,,,,,,eth0,10.0.2.15,fec0::5054:ff:fe12:3456;fe80::5054:ff:fe12:3456%eth0,100,Disabled,Disabled
2019-07-06 18:59:19,,,MOBILE/LTE,LTE,READY,IN_SERVICE,CONNECTED,1,0,1,0,NONE,CONNECTED,connected,epc.tmobile.com,,,,,,,Android,310,260,Android,310,260,1,,,,,4,-100,40,,,,,,91,,91,3,,,,,,eth0,10.0.2.15,fec0::5054:ff:fe12:3456;fe80::5054:ff:fe12:3456%eth0,100,Disabled,Disabled
2019-07-06 18:59:09,,,MOBILE/LTE,LTE,READY,IN_SERVICE,CONNECTED,1,0,1,0,NONE,CONNECTED,connected,epc.tmobile.com,,,,,,,Android,310,260,Android,310,260,1,,,,,4,-100,40,,,,,,91,,91,3,,,,,,eth0,10.0.2.15,fec0::5054:ff:fe12:3456;fe80::5054:ff:fe12:3456%eth0,100,Disabled,Disabled
2019-07-06 18:58:59,,,MOBILE/LTE,LTE,READY,IN_SERVICE,CONNECTED,1,0,1,0,NONE,CONNECTED,connected,epc.tmobile.com,,,,,,,Android,310,260,Android,310,260,1,,,,,4,-100,40,,,,,,91,,91,3,,,,,,eth0,10.0.2.15,fec0::5054:ff:fe12:3456;fe80::5054:ff:fe12:3456%eth0,100,Disabled,Disabled
2019-07-06 18:58:49,,,MOBILE/LTE,LTE,READY,IN_SERVICE,CONNECTED,1,0,1,0,NONE,CONNECTED,connected,epc.tmobile.com,,,,,,,Android,310,260,Android,310,260,1,,,,,4,-100,40,,,,,,91,,91,3,,,,,,eth0,10.0.2.15,fec0::5054:ff:fe12:3456;fe80::5054:ff:fe12:3456%eth0,100,Disabled,Disabled
2019-07-06 18:58:39,,,MOBILE/LTE,LTE,READY,IN_SERVICE,CONNECTED,1,0,1,0,NONE,CONNECTED,connected,epc.tmobile.com,,,,,,,Android,310,260,Android,310,260,1,,,,,4,-100,40,,,,,,91,,91,3,,,,,,eth0,10.0.2.15,fec0::5054:ff:fe12:3456;fe80::5054:ff:fe12:3456%eth0,100,Disabled,Disabled
2019-07-06 18:58:29,,,MOBILE/LTE,LTE,READY,IN_SERVICE,CONNECTED,1,0,1,0,NONE,CONNECTED,connected,epc.tmobile.com,,,,,,,Android,310,260,Android,310,260,1,,,,,4,-100,40,,,,,,91,,91,3,,,,,,eth0,10.0.2.15,fec0::5054:ff:fe12:3456;fe80::5054:ff:fe12:3456%eth0,100,Disabled,Disabled
2019-07-06 18:58:19,,,MOBILE/LTE,LTE,READY,IN_SERVICE,CONNECTED,1,0,1,0,NONE,CONNECTED,connected,epc.tmobile.com,,,,,,,Android,310,260,Android,310,260,1,,,,,4,-100,40,,,,,,91,,91,3,,,,,,eth0,10.0.2.15,fec0::5054:ff:fe12:3456;fe80::5054:ff:fe12:3456%eth0,100,Disabled,Disabled
2019-07-06 18:58:09,,,MOBILE/LTE,LTE,READY,IN_SERVICE,CONNECTED,1,0,1,0,NONE,CONNECTED,connected,epc.tmobile.com,,,,,,,Android,310,260,Android,310,260,1,,,,,4,-100,40,,,,,,91,,91,3,,,,,,eth0,10.0.2.15,fec0::5054:ff:fe12:3456;fe80::5054:ff:fe12:3456%eth0,100,Disabled,Disabled
2019-07-06 18:57:59,,,MOBILE/LTE,LTE,READY,IN_SERVICE,CONNECTED,1,0,1,0,NONE,CONNECTED,connected,epc.tmobile.com,,,,,,,Android,310,260,Android,310,260,1,,,,,4,-100,40,,,,,,91,,91,3,,,,,,eth0,10.0.2.15,fec0::5054:ff:fe12:3456;fe80::5054:ff:fe12:3456%eth0,100,Disabled,Disabled
2019-07-06 18:57:49,,,MOBILE/LTE,LTE,READY,IN_SERVICE,CONNECTED,1,0,1,0,NONE,CONNECTED,connected,epc.tmobile.com,,,,,,,Android,310,260,Android,310,260,1,,,,,4,-100,40,,,,,,91,,91,3,,,,,,eth0,10.0.2.15,fec0::5054:ff:fe12:3456;fe80::5054:ff:fe12:3456%eth0,100,Disabled,Disabled
2019-07-06 18:57:39,,,MOBILE/LTE,LTE,READY,IN_SERVICE,CONNECTED,1,0,1,0,NONE,CONNECTED,connected,epc.tmobile.com,,,,,,,Android,310,260,Android,310,260,1,,,,,4,-100,40,,,,,,91,,91,3,,,,,,eth0,10.0.2.15,fec0::5054:ff:fe12:3456;fe80::5054:ff:fe12:3456%eth0,100,Disabled,Disabled
2019-07-06 18:57:29,,,MOBILE/LTE,LTE,READY,IN_SERVICE,CONNECTED,1,0,1,0,NONE,CONNECTED,connected,epc.tmobile.com,,,,,,,Android,310,260,Android,310,260,1,,,,,4,-100,40,,,,,,91,,91,3,,,,,,eth0,10.0.2.15,fec0::5054:ff:fe12:3456;fe80::5054:ff:fe12:3456%eth0,100,Disabled,Disabled
2019-07-06 18:57:19,,,MOBILE/LTE,LTE,READY,IN_SERVICE,CONNECTED,1,0,1,0,NONE,CONNECTED,connected,epc.tmobile.com,,,,,,,Android,310,260,Android,310,260,1,,,,,4,-100,40,,,,,,91,,91,3,,,,,,eth0,10.0.2.15,fec0::5054:ff:fe12:3456;fe80::5054:ff:fe12:3456%eth0,100,Disabled,Disabled
2019-07-06 18:57:09,,,MOBILE/LTE,LTE,READY,IN_SERVICE,CONNECTED,1,0,1,0,NONE,CONNECTED,connected,epc.tmobile.com,,,,,,,Android,310,260,Android,310,260,1,,,,,4,-100,40,,,,,,91,,91,3,,,,,,eth0,10.0.2.15,fec0::5054:ff:fe12:3456;fe80::5054:ff:fe12:3456%eth0,100,Disabled,Disabled
2019-07-06 18:56:59,,,MOBILE/LTE,LTE,READY,IN_SERVICE,CONNECTED,1,0,1,0,NONE,CONNECTED,connected,epc.tmobile.com,,,,,,,Android,310,260,Android,310,260,1,,,,,4,-100,40,,,,,,91,,91,3,,,,,,eth0,10.0.2.15,fec0::5054:ff:fe12:3456;fe80::5054:ff:fe12:3456%eth0,100,Disabled,Disabled
2019-07-06 18:56:49,,,MOBILE/LTE,LTE,READY,IN_SERVICE,CONNECTED,1,0,1,0,NONE,CONNECTED,connected,epc.tmobile.com,,,,,,,Android,310,260,Android,310,260,1,,,,,4,-100,40,,,,,,91,,91,3,,,,,,eth0,10.0.2.15,fec0::5054:ff:fe12:3456;fe80::5054:ff:fe12:3456%eth0,100,Disabled,Disabled
2019-07-06 18:56:39,,,MOBILE/LTE,LTE,READY,IN_SERVICE,CONNECTED,1,0,1,0,NONE,CONNECTED,connected,epc.tmobile.com,,,,,,,Android,310,260,Android,310,260,1,,,,,4,-100,40,,,,,,91,,91,3,,,,,,eth0,10.0.2.15,fec0::5054:ff:fe12:3456;fe80::5054:ff:fe12:3456%eth0,100,Disabled,Disabled
2019-07-06 18:56:29,,,MOBILE/LTE,LTE,READY,IN_SERVICE,CONNECTED,1,0,1,0,NONE,CONNECTED,connected,epc.tmobile.com,,,,,,,Android,310,260,Android,310,260,1,,,,,4,-100,40,,,,,,91,,91,3,,,,,,eth0,10.0.2.15,fec0::5054:ff:fe12:3456;fe80::5054:ff:fe12:3456%eth0,100,Disabled,Disabled
2019-07-06 18:56:19,,,MOBILE/LTE,LTE,READY,IN_SERVICE,CONNECTED,1,0,1,0,NONE,CONNECTED,connected,epc.tmobile.com,,,,,,,Android,310,260,Android,310,260,1,,,,,4,-100,40,,,,,,91,,91,3,,,,,,eth0,10.0.2.15,fec0::5054:ff:fe12:3456;fe80::5054:ff:fe12:3456%eth0,100,Disabled,Disabled
2019-07-06 18:56:09,,,MOBILE/LTE,LTE,READY,IN_SERVICE,CONNECTED,1,0,1,0,NONE,CONNECTED,connected,epc.tmobile.com,,,,,,,Android,310,260,Android,310,260,1,,,,,4,-100,40,,,,,,91,,91,3,,,,,,eth0,10.0.2.15,fec0::5054:ff:fe12:3456;fe80::5054:ff:fe12:3456%eth0,100,Disabled,Disabled
2019-07-06 18:55:59,,,MOBILE/LTE,LTE,READY,IN_SERVICE,CONNECTED,1,0,1,0,NONE,CONNECTED,connected,epc.tmobile.com,,,,,,,Android,310,260,Android,310,260,1,,,,,4,-100,40,,,,,,91,,91,3,,,,,,eth0,10.0.2.15,fec0::5054:ff:fe12:3456;fe80::5054:ff:fe12:3456%eth0,100,Disabled,Disabled
2019-07-06 18:55:49,,,MOBILE/LTE,LTE,READY,IN_SERVICE,CONNECTED,1,0,1,0,NONE,CONNECTED,connected,epc.tmobile.com,,,,,,,Android,310,260,Android,310,260,1,,,,,4,-100,40,,,,,,91,,91,3,,,,,,eth0,10.0.2.15,fec0::5054:ff:fe12:3456;fe80::5054:ff:fe12:3456%eth0,100,Disabled,Disabled
2019-07-06 18:55:39,,,MOBILE/LTE,LTE,READY,IN_SERVICE,CONNECTED,1,0,1,0,NONE,CONNECTED,connected,epc.tmobile.com,,,,,,,Android,310,260,Android,310,260,1,,,,,4,-100,40,,,,,,91,,91,3,,,,,,eth0,10.0.2.15,fec0::5054:ff:fe12:3456;fe80::5054:ff:fe12:3456%eth0,100,Disabled,Disabled
2019-07-06 18:55:29,,,MOBILE/LTE,LTE,READY,IN_SERVICE,CONNECTED,1,0,1,0,NONE,CONNECTED,connected,epc.tmobile.com,,,,,,,Android,310,260,Android,310,260,1,,,,,4,-100,40,,,,,,91,,91,3,,,,,,eth0,10.0.2.15,fec0::5054:ff:fe12:3456;fe80::5054:ff:fe12:3456%eth0,100,Disabled,Disabled
2019-07-06 18:55:19,,,MOBILE/LTE,LTE,READY,IN_SERVICE,CONNECTED,1,0,1,0,NONE,CONNECTED,connected,epc.tmobile.com,,,,,,,Android,310,260,Android,310,260,1,,,,,4,-100,40,,,,,,91,,91,3,,,,,,eth0,10.0.2.15,fec0::5054:ff:fe12:3456;fe80::5054:ff:fe12:3456%eth0,100,Disabled,Disabled
2019-07-06 18:55:09,,,MOBILE/LTE,LTE,READY,IN_SERVICE,CONNECTED,1,0,1,0,NONE,CONNECTED,connected,epc.tmobile.com,,,,,,,Android,310,260,Android,310,260,1,,,,,4,-100,40,,,,,,91,,91,3,,,,,,eth0,10.0.2.15,fec0::5054:ff:fe12:3456;fe80::5054:ff:fe12:3456%eth0,100,Disabled,Disabled
2019-07-06 18:54:59,,,MOBILE/LTE,LTE,READY,IN_SERVICE,CONNECTED,1,0,1,0,NONE,CONNECTED,connected,epc.tmobile.com,,,,,,,Android,310,260,Android,310,260,1,,,,,4,-100,40,,,,,,91,,91,3,,,,,,eth0,10.0.2.15,fec0::5054:ff:fe12:3456;fe80::5054:ff:fe12:3456%eth0,100,Disabled,Disabled
2019-07-06 18:54:49,,,MOBILE/LTE,LTE,READY,IN_SERVICE,CONNECTED,1,0,1,0,NONE,CONNECTED,connected,epc.tmobile.com,,,,,,,Android,310,260,Android,310,260,1,,,,,4,-100,40,,,,,,91,,91,3,,,,,,eth0,10.0.2.15,fec0::5054:ff:fe12:3456;fe80::5054:ff:fe12:3456%eth0,100,Disabled,Disabled
2019-07-06 18:54:39,,,MOBILE/LTE,LTE,READY,IN_SERVICE,CONNECTED,1,0,1,0,NONE,CONNECTED,connected,epc.tmobile.com,,,,,,,Android,310,260,Android,310,260,1,,,,,4,-100,40,,,,,,,,,,,,,,,eth0,10.0.2.15,fec0::5054:ff:fe12:3456;fe80::5054:ff:fe12:3456%eth0,100,Disabled,Disabled
